--
-- PostgreSQL database dump
--

\restrict UsCTLakIQmk1vVA7kwTBLPbkOUsYbIx8JR8hj58qMxtS1Okqpzhtbs4S6g8IxAI

-- Dumped from database version 17.6
-- Dumped by pg_dump version 18.4

SET statement_timeout = 0;
SET lock_timeout = 0;
SET idle_in_transaction_session_timeout = 0;
SET transaction_timeout = 0;
SET client_encoding = 'UTF8';
SET standard_conforming_strings = on;
SELECT pg_catalog.set_config('search_path', '', false);
SET check_function_bodies = false;
SET xmloption = content;
SET client_min_messages = warning;
SET row_security = off;

--
-- Data for Name: audit_log_entries; Type: TABLE DATA; Schema: auth; Owner: -
--

COPY auth.audit_log_entries (instance_id, id, payload, created_at, ip_address) FROM stdin;
\.


--
-- Data for Name: custom_oauth_providers; Type: TABLE DATA; Schema: auth; Owner: -
--

COPY auth.custom_oauth_providers (id, provider_type, identifier, name, client_id, client_secret, acceptable_client_ids, scopes, pkce_enabled, attribute_mapping, authorization_params, enabled, email_optional, issuer, discovery_url, skip_nonce_check, cached_discovery, discovery_cached_at, authorization_url, token_url, userinfo_url, jwks_uri, created_at, updated_at, custom_claims_allowlist) FROM stdin;
\.


--
-- Data for Name: flow_state; Type: TABLE DATA; Schema: auth; Owner: -
--

COPY auth.flow_state (id, user_id, auth_code, code_challenge_method, code_challenge, provider_type, provider_access_token, provider_refresh_token, created_at, updated_at, authentication_method, auth_code_issued_at, invite_token, referrer, oauth_client_state_id, linking_target_id, email_optional) FROM stdin;
b895659d-ad08-4549-b697-047dbb3cf0e6	b7bbff6c-a762-4387-af99-0759349a7704	73f2ba65-7996-4433-8d93-132fcb3fc56c	s256	MNfCUf7KtbyLS667fCNg8b0gHRKN7up_5tqWkryLXe4	email			2026-01-13 23:33:55.157978+00	2026-01-13 23:33:55.157978+00	email/signup	\N	\N	\N	\N	\N	f
3d899b50-eb0a-462e-a40c-20db9a735aaa	c001e964-b57f-4709-a167-e8177366a56b	53ada4d2-0ea3-4b3c-90ae-57032be23953	s256	kqz662JWg0MGw0qWhlAiwAGIFjwUClSi5cpFKFQM9yM	email			2026-01-13 23:35:32.450806+00	2026-01-13 23:35:43.287927+00	email/signup	2026-01-13 23:35:43.287882+00	\N	\N	\N	\N	f
028a2614-7f94-4f9f-a206-e4a6beaccf61	7635b7c6-1dc9-4790-a6b0-cfb6921337da	ddaddb38-ec96-42dd-84ff-f5fb3e7d070c	s256	ZZySsu8nhbQsUAvvsvLRFFLMoiWvRAacYAOGBaR4nQw	email			2026-06-16 12:29:47.469941+00	2026-06-16 12:47:50.749185+00	email/signup	2026-06-16 12:47:50.749134+00	\N	\N	\N	\N	f
32b4ce36-cb72-47b8-b098-4c1c06a62e28	74c0a802-872c-4545-9c9c-4d451cbf2cc1	fe1de5b0-1b2c-449e-8e1c-bd172e994596	s256	ywyCDzGp4ne1Eqn7ei0x3VWs5G_0r1IKIHWJrNaileM	email			2026-06-19 12:09:49.087224+00	2026-06-19 12:09:49.087224+00	email/signup	\N	\N	\N	\N	\N	f
5486829b-694b-4707-abaf-dab8edbaa882	d639bc30-dfc3-4b50-b4ed-eeb25e81b70c	d72dfafb-6e38-4208-a4c0-e598b2ae7b5f	s256	2pjv7ghjtKUJYz0ARJim0uZ_lQmEqXCAloCLE6dPqzs	email			2026-06-24 13:19:12.329888+00	2026-06-24 13:20:09.25437+00	email/signup	2026-06-24 13:20:09.254316+00	\N	\N	\N	\N	f
27cdc7e5-87b3-4787-810a-fe29d72ca3cb	ced63ad5-dc25-462d-9e4a-61322e1dc2a6	90130dea-1f08-4f0f-94d0-d2e3ed819e07	s256	12_hBt7QDUr1hArH236Xk2ZcQ2u17wDShQhxxZdT8SY	email			2026-06-24 13:17:48.943839+00	2026-06-24 13:20:29.659026+00	email/signup	2026-06-24 13:20:29.658976+00	\N	\N	\N	\N	f
\.


--
-- Data for Name: users; Type: TABLE DATA; Schema: auth; Owner: -
--

COPY auth.users (instance_id, id, aud, role, email, encrypted_password, email_confirmed_at, invited_at, confirmation_token, confirmation_sent_at, recovery_token, recovery_sent_at, email_change_token_new, email_change, email_change_sent_at, last_sign_in_at, raw_app_meta_data, raw_user_meta_data, is_super_admin, created_at, updated_at, phone, phone_confirmed_at, phone_change, phone_change_token, phone_change_sent_at, email_change_token_current, email_change_confirm_status, banned_until, reauthentication_token, reauthentication_sent_at, is_sso_user, deleted_at, is_anonymous) FROM stdin;
00000000-0000-0000-0000-000000000000	b7bbff6c-a762-4387-af99-0759349a7704	authenticated	authenticated	teste@teste.com	$2a$10$hj/IKDa3N0nzJ9M2fFuuXO0y6XHf351M45tPk8IM73dgu.GVHip92	\N	\N	pkce_4479af80c1cc3d44fe52c4e7bda4f635c5349d022e8a88cc048e99ec	2026-01-13 23:33:55.166828+00		\N			\N	\N	{"provider": "email", "providers": ["email"]}	{"sub": "b7bbff6c-a762-4387-af99-0759349a7704", "email": "teste@teste.com", "email_verified": false, "phone_verified": false}	\N	2026-01-13 23:33:55.097168+00	2026-01-13 23:33:56.345192+00	\N	\N			\N		0	\N		\N	f	\N	f
00000000-0000-0000-0000-000000000000	ced63ad5-dc25-462d-9e4a-61322e1dc2a6	authenticated	authenticated	cesar.fonseca.fj@gmail.com	$2a$10$wOJSofJbhRpT650tiO7aX.6FvsGytM6.DMQ4FNhWuSJ95YMhNgb36	2026-06-24 13:20:29.655352+00	\N		2026-06-24 13:17:48.960719+00		\N			\N	2026-07-02 20:34:52.944313+00	{"provider": "email", "providers": ["email"]}	{"sub": "ced63ad5-dc25-462d-9e4a-61322e1dc2a6", "email": "cesar.fonseca.fj@gmail.com", "email_verified": true, "phone_verified": false}	\N	2026-06-24 13:17:48.863916+00	2026-07-03 18:52:16.718191+00	\N	\N			\N		0	\N		\N	f	\N	f
00000000-0000-0000-0000-000000000000	c001e964-b57f-4709-a167-e8177366a56b	authenticated	authenticated	contato.timc@gmail.com	$2a$10$fodSn1dnovS6IKSNe7iE4eVRZYMAe0KxmRAvWqETy1DE0G.ZgroU.	2026-01-13 23:35:43.278701+00	\N		2026-01-13 23:35:32.451663+00		\N			\N	2026-07-03 11:19:49.321332+00	{"provider": "email", "providers": ["email"]}	{"sub": "c001e964-b57f-4709-a167-e8177366a56b", "email": "contato.timc@gmail.com", "email_verified": true, "phone_verified": false}	\N	2026-01-13 23:35:32.442368+00	2026-07-03 11:19:49.386894+00	\N	\N			\N		0	\N		\N	f	\N	f
00000000-0000-0000-0000-000000000000	7635b7c6-1dc9-4790-a6b0-cfb6921337da	authenticated	authenticated	michel.coutinho.ftk@gmail.com	$2a$10$.wqRMigVcXPR4.Drf1sHQ.x7U81R8R7tyxtZIiJ94m2xuNDQCfO2e	2026-06-16 12:47:50.719185+00	\N		\N		\N			\N	2026-07-03 13:19:51.972005+00	{"provider": "email", "providers": ["email"]}	{"sub": "7635b7c6-1dc9-4790-a6b0-cfb6921337da", "email": "michel.coutinho.ftk@gmail.com", "full_name": "Michel coutinho da silva", "email_verified": true, "phone_verified": false}	\N	2026-06-16 12:29:47.433546+00	2026-07-03 18:57:40.886609+00	\N	\N			\N		0	\N		\N	f	\N	f
00000000-0000-0000-0000-000000000000	74c0a802-872c-4545-9c9c-4d451cbf2cc1	authenticated	authenticated	michelgabriel231@gmail.com	$2a$10$Ora0eWia0PSflojoKpIX1esIPlW2XpD4FH1TJw5PTEHZkLo8YhtU.	\N	\N	pkce_30ca8b2c58eb03e931c2f8ca15a558ad3e33060829e8c754240a7a91	2026-06-19 12:09:49.088167+00		\N			\N	\N	{"provider": "email", "providers": ["email"]}	{"sub": "74c0a802-872c-4545-9c9c-4d451cbf2cc1", "email": "michelgabriel231@gmail.com", "email_verified": false, "phone_verified": false}	\N	2026-06-19 12:09:49.079735+00	2026-06-19 12:09:50.354462+00	\N	\N			\N		0	\N		\N	f	\N	f
00000000-0000-0000-0000-000000000000	d639bc30-dfc3-4b50-b4ed-eeb25e81b70c	authenticated	authenticated	michelcoutinho010@gmail.com	$2a$10$IgP.NSfSnm6zkDqCuJFcu.3tQZEEI1AvcqM2Rk9z37PqCteVky7Eq	2026-06-24 13:20:09.221473+00	\N		2026-06-24 13:19:12.332269+00		\N			\N	2026-07-01 22:13:40.601802+00	{"provider": "email", "providers": ["email"]}	{"sub": "d639bc30-dfc3-4b50-b4ed-eeb25e81b70c", "email": "michelcoutinho010@gmail.com", "email_verified": true, "phone_verified": false}	\N	2026-06-24 13:19:12.308211+00	2026-07-02 13:19:43.967756+00	\N	\N			\N		0	\N		\N	f	\N	f
\.


--
-- Data for Name: identities; Type: TABLE DATA; Schema: auth; Owner: -
--

COPY auth.identities (provider_id, user_id, identity_data, provider, last_sign_in_at, created_at, updated_at, id) FROM stdin;
b7bbff6c-a762-4387-af99-0759349a7704	b7bbff6c-a762-4387-af99-0759349a7704	{"sub": "b7bbff6c-a762-4387-af99-0759349a7704", "email": "teste@teste.com", "email_verified": false, "phone_verified": false}	email	2026-01-13 23:33:55.144609+00	2026-01-13 23:33:55.14467+00	2026-01-13 23:33:55.14467+00	e289de66-aef7-48dc-8342-01be848d2fe8
c001e964-b57f-4709-a167-e8177366a56b	c001e964-b57f-4709-a167-e8177366a56b	{"sub": "c001e964-b57f-4709-a167-e8177366a56b", "email": "contato.timc@gmail.com", "email_verified": true, "phone_verified": false}	email	2026-01-13 23:35:32.447104+00	2026-01-13 23:35:32.447152+00	2026-01-13 23:35:32.447152+00	3271a83e-741e-4921-8cb8-e6584220ae30
7635b7c6-1dc9-4790-a6b0-cfb6921337da	7635b7c6-1dc9-4790-a6b0-cfb6921337da	{"sub": "7635b7c6-1dc9-4790-a6b0-cfb6921337da", "email": "michel.coutinho.ftk@gmail.com", "email_verified": true, "phone_verified": false}	email	2026-06-16 12:29:47.456939+00	2026-06-16 12:29:47.456999+00	2026-06-16 12:29:47.456999+00	d3f93516-64ba-4f37-ab32-e13b71c3aa57
74c0a802-872c-4545-9c9c-4d451cbf2cc1	74c0a802-872c-4545-9c9c-4d451cbf2cc1	{"sub": "74c0a802-872c-4545-9c9c-4d451cbf2cc1", "email": "michelgabriel231@gmail.com", "email_verified": false, "phone_verified": false}	email	2026-06-19 12:09:49.084926+00	2026-06-19 12:09:49.084986+00	2026-06-19 12:09:49.084986+00	ba8949c1-8bf8-4565-a68f-b870c31d427e
d639bc30-dfc3-4b50-b4ed-eeb25e81b70c	d639bc30-dfc3-4b50-b4ed-eeb25e81b70c	{"sub": "d639bc30-dfc3-4b50-b4ed-eeb25e81b70c", "email": "michelcoutinho010@gmail.com", "email_verified": true, "phone_verified": false}	email	2026-06-24 13:19:12.325734+00	2026-06-24 13:19:12.325779+00	2026-06-24 13:19:12.325779+00	e12545ba-39aa-4f9c-a9e9-cbef778127e6
ced63ad5-dc25-462d-9e4a-61322e1dc2a6	ced63ad5-dc25-462d-9e4a-61322e1dc2a6	{"sub": "ced63ad5-dc25-462d-9e4a-61322e1dc2a6", "email": "cesar.fonseca.fj@gmail.com", "email_verified": true, "phone_verified": false}	email	2026-06-24 13:17:48.934116+00	2026-06-24 13:17:48.934178+00	2026-06-24 13:17:48.934178+00	ba737b48-3862-4478-b801-4fb7dd83f753
\.


--
-- Data for Name: instances; Type: TABLE DATA; Schema: auth; Owner: -
--

COPY auth.instances (id, uuid, raw_base_config, created_at, updated_at) FROM stdin;
\.


--
-- Data for Name: oauth_clients; Type: TABLE DATA; Schema: auth; Owner: -
--

COPY auth.oauth_clients (id, client_secret_hash, registration_type, redirect_uris, grant_types, client_name, client_uri, logo_uri, created_at, updated_at, deleted_at, client_type, token_endpoint_auth_method) FROM stdin;
\.


--
-- Data for Name: sessions; Type: TABLE DATA; Schema: auth; Owner: -
--

COPY auth.sessions (id, user_id, created_at, updated_at, factor_id, aal, not_after, refreshed_at, user_agent, ip, tag, oauth_client_id, refresh_token_hmac_key, refresh_token_counter, scopes) FROM stdin;
7fa2c60a-d7e2-45e8-8fc6-8c94502292cf	7635b7c6-1dc9-4790-a6b0-cfb6921337da	2026-07-03 13:19:51.974742+00	2026-07-03 18:46:40.167046+00	\N	aal1	\N	2026-07-03 18:46:40.166926	Mozilla/5.0 (Windows NT 10.0; Win64; x64) AppleWebKit/537.36 (KHTML, like Gecko) Code/1.127.0 Chrome/148.0.7778.97 Electron/42.2.0 Safari/537.36	189.78.53.48	\N	\N	\N	\N	\N
ee9c470d-6abc-4983-b654-3b174090651e	ced63ad5-dc25-462d-9e4a-61322e1dc2a6	2026-06-24 13:20:51.196458+00	2026-07-03 18:52:16.733889+00	\N	aal1	\N	2026-07-03 18:52:16.733769	Mozilla/5.0 (Windows NT 10.0; Win64; x64) AppleWebKit/537.36 (KHTML, like Gecko) Chrome/149.0.0.0 Safari/537.36	189.78.53.48	\N	\N	\N	\N	\N
b0fca195-0e77-4886-be67-f85c9be47cbd	7635b7c6-1dc9-4790-a6b0-cfb6921337da	2026-07-03 12:52:07.08831+00	2026-07-03 18:57:40.901168+00	\N	aal1	\N	2026-07-03 18:57:40.90106	Mozilla/5.0 (Windows NT 10.0; Win64; x64) AppleWebKit/537.36 (KHTML, like Gecko) Chrome/149.0.0.0 Safari/537.36 Edg/149.0.0.0	189.78.53.48	\N	\N	\N	\N	\N
55d36144-3b2d-46cc-a242-6d6f84885979	ced63ad5-dc25-462d-9e4a-61322e1dc2a6	2026-07-01 22:12:30.90534+00	2026-07-02 14:00:22.360818+00	\N	aal1	\N	2026-07-02 14:00:22.360703	Mozilla/5.0 (Linux; Android 10; K) AppleWebKit/537.36 (KHTML, like Gecko) Chrome/145.0.0.0 Mobile Safari/537.36	189.40.89.91	\N	\N	\N	\N	\N
e06b774a-df10-4e3d-851d-36e083a91976	ced63ad5-dc25-462d-9e4a-61322e1dc2a6	2026-07-02 20:34:52.945545+00	2026-07-03 11:48:36.732774+00	\N	aal1	\N	2026-07-03 11:48:36.732667	Mozilla/5.0 (Windows NT 10.0; Win64; x64) AppleWebKit/537.36 (KHTML, like Gecko) Chrome/149.0.0.0 Safari/537.36	191.180.7.98	\N	\N	\N	\N	\N
\.


--
-- Data for Name: mfa_amr_claims; Type: TABLE DATA; Schema: auth; Owner: -
--

COPY auth.mfa_amr_claims (session_id, created_at, updated_at, authentication_method, id) FROM stdin;
e06b774a-df10-4e3d-851d-36e083a91976	2026-07-02 20:34:53.014818+00	2026-07-02 20:34:53.014818+00	password	92ff0e18-a3f1-4fd6-95f9-5f0d65a17887
b0fca195-0e77-4886-be67-f85c9be47cbd	2026-07-03 12:52:07.091241+00	2026-07-03 12:52:07.091241+00	password	6ea8e364-d6ff-4a7f-85e0-fdbb08bea954
7fa2c60a-d7e2-45e8-8fc6-8c94502292cf	2026-07-03 13:19:52.005977+00	2026-07-03 13:19:52.005977+00	password	999c5fb4-8576-4621-bdeb-917ed86b7251
ee9c470d-6abc-4983-b654-3b174090651e	2026-06-24 13:20:51.19913+00	2026-06-24 13:20:51.19913+00	password	53c76dcb-3bc3-44a2-b01d-0060cb2f34fe
55d36144-3b2d-46cc-a242-6d6f84885979	2026-07-01 22:12:30.942452+00	2026-07-01 22:12:30.942452+00	password	36371287-79ca-49dc-bc91-3babe65bb914
\.


--
-- Data for Name: mfa_factors; Type: TABLE DATA; Schema: auth; Owner: -
--

COPY auth.mfa_factors (id, user_id, friendly_name, factor_type, status, created_at, updated_at, secret, phone, last_challenged_at, web_authn_credential, web_authn_aaguid, last_webauthn_challenge_data) FROM stdin;
\.


--
-- Data for Name: mfa_challenges; Type: TABLE DATA; Schema: auth; Owner: -
--

COPY auth.mfa_challenges (id, factor_id, created_at, verified_at, ip_address, otp_code, web_authn_session_data) FROM stdin;
\.


--
-- Data for Name: oauth_authorizations; Type: TABLE DATA; Schema: auth; Owner: -
--

COPY auth.oauth_authorizations (id, authorization_id, client_id, user_id, redirect_uri, scope, state, resource, code_challenge, code_challenge_method, response_type, status, authorization_code, created_at, expires_at, approved_at, nonce) FROM stdin;
\.


--
-- Data for Name: oauth_client_states; Type: TABLE DATA; Schema: auth; Owner: -
--

COPY auth.oauth_client_states (id, provider_type, code_verifier, created_at) FROM stdin;
\.


--
-- Data for Name: oauth_consents; Type: TABLE DATA; Schema: auth; Owner: -
--

COPY auth.oauth_consents (id, user_id, client_id, scopes, granted_at, revoked_at) FROM stdin;
\.


--
-- Data for Name: one_time_tokens; Type: TABLE DATA; Schema: auth; Owner: -
--

COPY auth.one_time_tokens (id, user_id, token_type, token_hash, relates_to, created_at, updated_at) FROM stdin;
52d3c54e-b9d8-45c5-a0d3-86dc016c891d	b7bbff6c-a762-4387-af99-0759349a7704	confirmation_token	pkce_4479af80c1cc3d44fe52c4e7bda4f635c5349d022e8a88cc048e99ec	teste@teste.com	2026-01-13 23:33:56.353625	2026-01-13 23:33:56.353625
73b8aa5d-3b07-47b7-b48c-143fe697c97a	74c0a802-872c-4545-9c9c-4d451cbf2cc1	confirmation_token	pkce_30ca8b2c58eb03e931c2f8ca15a558ad3e33060829e8c754240a7a91	michelgabriel231@gmail.com	2026-06-19 12:09:50.364777	2026-06-19 12:09:50.364777
\.


--
-- Data for Name: refresh_tokens; Type: TABLE DATA; Schema: auth; Owner: -
--

COPY auth.refresh_tokens (instance_id, id, token, user_id, revoked, created_at, updated_at, parent, session_id) FROM stdin;
00000000-0000-0000-0000-000000000000	1333	iaehgmr4nlbd	ced63ad5-dc25-462d-9e4a-61322e1dc2a6	t	2026-06-25 03:05:25.702988+00	2026-06-25 04:04:25.611852+00	vb5amcqiznh6	ee9c470d-6abc-4983-b654-3b174090651e
00000000-0000-0000-0000-000000000000	1335	kbddlptbmnei	ced63ad5-dc25-462d-9e4a-61322e1dc2a6	t	2026-06-25 04:04:25.629437+00	2026-06-25 05:03:25.641183+00	iaehgmr4nlbd	ee9c470d-6abc-4983-b654-3b174090651e
00000000-0000-0000-0000-000000000000	1428	xk7vbg7yb6f6	ced63ad5-dc25-462d-9e4a-61322e1dc2a6	t	2026-06-28 03:48:56.648974+00	2026-06-28 04:47:56.600448+00	klsshidsqmre	ee9c470d-6abc-4983-b654-3b174090651e
00000000-0000-0000-0000-000000000000	1337	3ib6rhpy7o24	ced63ad5-dc25-462d-9e4a-61322e1dc2a6	t	2026-06-25 05:03:25.666345+00	2026-06-25 06:02:25.379735+00	kbddlptbmnei	ee9c470d-6abc-4983-b654-3b174090651e
00000000-0000-0000-0000-000000000000	1505	jeatm2md4rcc	ced63ad5-dc25-462d-9e4a-61322e1dc2a6	t	2026-06-30 19:44:53.042697+00	2026-06-30 20:43:30.722308+00	yqbrvit42xbr	ee9c470d-6abc-4983-b654-3b174090651e
00000000-0000-0000-0000-000000000000	1297	matcyrxs7rhf	ced63ad5-dc25-462d-9e4a-61322e1dc2a6	t	2026-06-24 14:19:25.2179+00	2026-06-24 15:18:26.114609+00	fgwvplv45yma	ee9c470d-6abc-4983-b654-3b174090651e
00000000-0000-0000-0000-000000000000	1339	bqiamyupjrlj	ced63ad5-dc25-462d-9e4a-61322e1dc2a6	t	2026-06-25 06:02:25.411463+00	2026-06-25 07:01:25.433098+00	3ib6rhpy7o24	ee9c470d-6abc-4983-b654-3b174090651e
00000000-0000-0000-0000-000000000000	1430	wlfmwccdrzyh	ced63ad5-dc25-462d-9e4a-61322e1dc2a6	t	2026-06-28 05:46:56.669399+00	2026-06-28 06:45:56.627626+00	nbafyd7shyh6	ee9c470d-6abc-4983-b654-3b174090651e
00000000-0000-0000-0000-000000000000	1341	onrigfyw2mhy	ced63ad5-dc25-462d-9e4a-61322e1dc2a6	t	2026-06-25 07:01:25.46403+00	2026-06-25 08:00:25.395995+00	bqiamyupjrlj	ee9c470d-6abc-4983-b654-3b174090651e
00000000-0000-0000-0000-000000000000	1370	yg3ltlxh3lyb	ced63ad5-dc25-462d-9e4a-61322e1dc2a6	t	2026-06-25 17:49:24.702288+00	2026-06-25 18:48:24.860542+00	bje3ylscd2si	ee9c470d-6abc-4983-b654-3b174090651e
00000000-0000-0000-0000-000000000000	1304	ucsg2zp4v33d	ced63ad5-dc25-462d-9e4a-61322e1dc2a6	t	2026-06-24 16:17:26.353673+00	2026-06-24 17:16:24.942154+00	cjj37otk2olq	ee9c470d-6abc-4983-b654-3b174090651e
00000000-0000-0000-0000-000000000000	1343	xqek43hyagrl	ced63ad5-dc25-462d-9e4a-61322e1dc2a6	t	2026-06-25 08:00:25.4212+00	2026-06-25 08:59:25.371096+00	onrigfyw2mhy	ee9c470d-6abc-4983-b654-3b174090651e
00000000-0000-0000-0000-000000000000	1306	hinbxutqb5qf	ced63ad5-dc25-462d-9e4a-61322e1dc2a6	t	2026-06-24 17:16:24.961065+00	2026-06-24 18:15:25.255229+00	ucsg2zp4v33d	ee9c470d-6abc-4983-b654-3b174090651e
00000000-0000-0000-0000-000000000000	1345	ea73yj35uzuq	ced63ad5-dc25-462d-9e4a-61322e1dc2a6	t	2026-06-25 08:59:25.392325+00	2026-06-25 09:58:25.299572+00	xqek43hyagrl	ee9c470d-6abc-4983-b654-3b174090651e
00000000-0000-0000-0000-000000000000	1372	lgdzuriv6lzz	ced63ad5-dc25-462d-9e4a-61322e1dc2a6	t	2026-06-25 18:48:24.880879+00	2026-06-25 19:47:24.933152+00	yg3ltlxh3lyb	ee9c470d-6abc-4983-b654-3b174090651e
00000000-0000-0000-0000-000000000000	1308	2ql7lxsqjxtv	ced63ad5-dc25-462d-9e4a-61322e1dc2a6	t	2026-06-24 18:15:25.274913+00	2026-06-24 19:14:24.697201+00	hinbxutqb5qf	ee9c470d-6abc-4983-b654-3b174090651e
00000000-0000-0000-0000-000000000000	1432	ahzr7tiloqvx	ced63ad5-dc25-462d-9e4a-61322e1dc2a6	t	2026-06-28 07:44:56.489941+00	2026-06-28 08:43:56.362978+00	77rwx4cjo36i	ee9c470d-6abc-4983-b654-3b174090651e
00000000-0000-0000-0000-000000000000	1347	y6p3i4bl2jpj	ced63ad5-dc25-462d-9e4a-61322e1dc2a6	t	2026-06-25 09:58:25.320981+00	2026-06-25 10:57:25.032312+00	ea73yj35uzuq	ee9c470d-6abc-4983-b654-3b174090651e
00000000-0000-0000-0000-000000000000	1374	x3n4jjcd5o23	ced63ad5-dc25-462d-9e4a-61322e1dc2a6	t	2026-06-25 20:46:24.759147+00	2026-06-25 21:44:26.472165+00	3t3yz56pgbao	ee9c470d-6abc-4983-b654-3b174090651e
00000000-0000-0000-0000-000000000000	1313	vrjtuip4dsxl	ced63ad5-dc25-462d-9e4a-61322e1dc2a6	t	2026-06-24 19:14:24.715094+00	2026-06-24 20:13:26.170832+00	2ql7lxsqjxtv	ee9c470d-6abc-4983-b654-3b174090651e
00000000-0000-0000-0000-000000000000	1508	psxsz3chrjwd	ced63ad5-dc25-462d-9e4a-61322e1dc2a6	t	2026-06-30 20:43:30.734635+00	2026-06-30 21:42:53.751439+00	jeatm2md4rcc	ee9c470d-6abc-4983-b654-3b174090651e
00000000-0000-0000-0000-000000000000	1434	cx35evcha3of	ced63ad5-dc25-462d-9e4a-61322e1dc2a6	t	2026-06-28 09:42:56.263917+00	2026-06-28 10:41:56.367838+00	zm6t4wr2jj6q	ee9c470d-6abc-4983-b654-3b174090651e
00000000-0000-0000-0000-000000000000	1319	d5ynft6spiid	ced63ad5-dc25-462d-9e4a-61322e1dc2a6	t	2026-06-24 20:13:26.202749+00	2026-06-24 21:12:25.533373+00	vrjtuip4dsxl	ee9c470d-6abc-4983-b654-3b174090651e
00000000-0000-0000-0000-000000000000	1321	q2edmyyabxxi	ced63ad5-dc25-462d-9e4a-61322e1dc2a6	t	2026-06-24 21:12:25.551248+00	2026-06-24 22:11:25.839642+00	d5ynft6spiid	ee9c470d-6abc-4983-b654-3b174090651e
00000000-0000-0000-0000-000000000000	1323	fn523mvzxu2v	ced63ad5-dc25-462d-9e4a-61322e1dc2a6	t	2026-06-24 22:11:25.85364+00	2026-06-24 23:09:54.566931+00	q2edmyyabxxi	ee9c470d-6abc-4983-b654-3b174090651e
00000000-0000-0000-0000-000000000000	1325	5hmboinin2nr	ced63ad5-dc25-462d-9e4a-61322e1dc2a6	t	2026-06-24 23:09:54.579498+00	2026-06-25 00:08:25.180998+00	fn523mvzxu2v	ee9c470d-6abc-4983-b654-3b174090651e
00000000-0000-0000-0000-000000000000	1327	6ckx6nqudusf	ced63ad5-dc25-462d-9e4a-61322e1dc2a6	t	2026-06-25 00:08:25.189773+00	2026-06-25 01:07:25.779578+00	5hmboinin2nr	ee9c470d-6abc-4983-b654-3b174090651e
00000000-0000-0000-0000-000000000000	1329	bshupzbacrjn	ced63ad5-dc25-462d-9e4a-61322e1dc2a6	t	2026-06-25 01:07:25.811234+00	2026-06-25 02:06:25.912028+00	6ckx6nqudusf	ee9c470d-6abc-4983-b654-3b174090651e
00000000-0000-0000-0000-000000000000	1331	vb5amcqiznh6	ced63ad5-dc25-462d-9e4a-61322e1dc2a6	t	2026-06-25 02:06:25.937042+00	2026-06-25 03:05:25.679027+00	bshupzbacrjn	ee9c470d-6abc-4983-b654-3b174090651e
00000000-0000-0000-0000-000000000000	1379	d7cqyuwvbdbx	ced63ad5-dc25-462d-9e4a-61322e1dc2a6	t	2026-06-26 10:30:15.042621+00	2026-06-26 11:29:55.582017+00	wjt7ljqxgcaa	ee9c470d-6abc-4983-b654-3b174090651e
00000000-0000-0000-0000-000000000000	1386	gphce5hey5au	ced63ad5-dc25-462d-9e4a-61322e1dc2a6	t	2026-06-26 11:29:55.603558+00	2026-06-26 12:28:56.851988+00	d7cqyuwvbdbx	ee9c470d-6abc-4983-b654-3b174090651e
00000000-0000-0000-0000-000000000000	1390	7wip3mr3uqmr	ced63ad5-dc25-462d-9e4a-61322e1dc2a6	t	2026-06-26 14:26:56.571163+00	2026-06-26 15:25:56.806992+00	e6fln3wrxjjk	ee9c470d-6abc-4983-b654-3b174090651e
00000000-0000-0000-0000-000000000000	1392	6p5ybfifhhqh	ced63ad5-dc25-462d-9e4a-61322e1dc2a6	t	2026-06-26 16:24:57.216109+00	2026-06-26 17:23:56.860728+00	t5bl42amjqv5	ee9c470d-6abc-4983-b654-3b174090651e
00000000-0000-0000-0000-000000000000	1394	gdtkekvunlip	ced63ad5-dc25-462d-9e4a-61322e1dc2a6	t	2026-06-26 18:22:56.323894+00	2026-06-26 19:21:56.838461+00	2omlun25jwzr	ee9c470d-6abc-4983-b654-3b174090651e
00000000-0000-0000-0000-000000000000	1396	o6zdpelgm426	ced63ad5-dc25-462d-9e4a-61322e1dc2a6	t	2026-06-26 20:20:57.887742+00	2026-06-26 21:19:58.061039+00	fldxolelyg4n	ee9c470d-6abc-4983-b654-3b174090651e
00000000-0000-0000-0000-000000000000	1398	p6gz2x5cqlyc	ced63ad5-dc25-462d-9e4a-61322e1dc2a6	t	2026-06-26 22:18:57.647686+00	2026-06-26 23:17:57.851797+00	uy6jly7hwd5u	ee9c470d-6abc-4983-b654-3b174090651e
00000000-0000-0000-0000-000000000000	1400	dqbdl5v6vhqv	ced63ad5-dc25-462d-9e4a-61322e1dc2a6	t	2026-06-27 00:16:57.961159+00	2026-06-27 01:15:57.860796+00	km7jrgk6uk6p	ee9c470d-6abc-4983-b654-3b174090651e
00000000-0000-0000-0000-000000000000	1402	2h35tj726zh7	ced63ad5-dc25-462d-9e4a-61322e1dc2a6	t	2026-06-27 02:14:58.054144+00	2026-06-27 03:13:57.715324+00	dd2rfejnvqji	ee9c470d-6abc-4983-b654-3b174090651e
00000000-0000-0000-0000-000000000000	1404	g2l3ecoj32xd	ced63ad5-dc25-462d-9e4a-61322e1dc2a6	t	2026-06-27 04:12:57.913469+00	2026-06-27 05:11:57.531384+00	fuuvn4uhlmvd	ee9c470d-6abc-4983-b654-3b174090651e
00000000-0000-0000-0000-000000000000	1406	dlew6u4a6dkc	ced63ad5-dc25-462d-9e4a-61322e1dc2a6	t	2026-06-27 06:10:57.703453+00	2026-06-27 07:09:57.452445+00	4bp4t55of4i4	ee9c470d-6abc-4983-b654-3b174090651e
00000000-0000-0000-0000-000000000000	1408	j7cb2jtjvuli	ced63ad5-dc25-462d-9e4a-61322e1dc2a6	t	2026-06-27 08:08:57.650718+00	2026-06-27 09:07:57.485666+00	nv3qpjirnfr5	ee9c470d-6abc-4983-b654-3b174090651e
00000000-0000-0000-0000-000000000000	1410	hmbgejax35tn	ced63ad5-dc25-462d-9e4a-61322e1dc2a6	t	2026-06-27 10:06:57.376396+00	2026-06-27 11:05:57.367013+00	i2rsuk7bhm75	ee9c470d-6abc-4983-b654-3b174090651e
00000000-0000-0000-0000-000000000000	1412	nyrcrijjsxzs	ced63ad5-dc25-462d-9e4a-61322e1dc2a6	t	2026-06-27 12:04:57.421038+00	2026-06-27 13:03:57.39771+00	2qdycxyunjq3	ee9c470d-6abc-4983-b654-3b174090651e
00000000-0000-0000-0000-000000000000	1414	3y3fn7ouqx6p	ced63ad5-dc25-462d-9e4a-61322e1dc2a6	t	2026-06-27 14:02:57.230806+00	2026-06-27 15:01:57.287642+00	6vuqtqa3sa4h	ee9c470d-6abc-4983-b654-3b174090651e
00000000-0000-0000-0000-000000000000	1416	d5we5tqorczm	ced63ad5-dc25-462d-9e4a-61322e1dc2a6	t	2026-06-27 16:00:57.166434+00	2026-06-27 16:59:57.224356+00	7qafbyleh26o	ee9c470d-6abc-4983-b654-3b174090651e
00000000-0000-0000-0000-000000000000	1418	csh4h6zbqgva	ced63ad5-dc25-462d-9e4a-61322e1dc2a6	t	2026-06-27 17:58:57.259632+00	2026-06-27 18:57:56.945088+00	qjvj34sgxbaa	ee9c470d-6abc-4983-b654-3b174090651e
00000000-0000-0000-0000-000000000000	1420	ahbjbdgasqe2	ced63ad5-dc25-462d-9e4a-61322e1dc2a6	t	2026-06-27 19:56:57.063174+00	2026-06-27 20:55:56.884192+00	l57letgzjbot	ee9c470d-6abc-4983-b654-3b174090651e
00000000-0000-0000-0000-000000000000	1422	ziifgfahzett	ced63ad5-dc25-462d-9e4a-61322e1dc2a6	t	2026-06-27 21:54:57.056792+00	2026-06-27 22:53:56.803055+00	g25dob7q6nds	ee9c470d-6abc-4983-b654-3b174090651e
00000000-0000-0000-0000-000000000000	1424	qwi7lwjrryrb	ced63ad5-dc25-462d-9e4a-61322e1dc2a6	t	2026-06-27 23:52:56.770172+00	2026-06-28 00:51:56.757739+00	5sw6okmc2e3w	ee9c470d-6abc-4983-b654-3b174090651e
00000000-0000-0000-0000-000000000000	1426	ag6e5jk63lp6	ced63ad5-dc25-462d-9e4a-61322e1dc2a6	t	2026-06-28 01:50:56.829731+00	2026-06-28 02:49:56.879685+00	q6hszwxd4cd5	ee9c470d-6abc-4983-b654-3b174090651e
00000000-0000-0000-0000-000000000000	1367	xbpxm26dahex	ced63ad5-dc25-462d-9e4a-61322e1dc2a6	t	2026-06-25 15:51:24.980017+00	2026-06-25 16:50:24.843833+00	wwc3j6smnzy3	ee9c470d-6abc-4983-b654-3b174090651e
00000000-0000-0000-0000-000000000000	1427	klsshidsqmre	ced63ad5-dc25-462d-9e4a-61322e1dc2a6	t	2026-06-28 02:49:56.905794+00	2026-06-28 03:48:56.621363+00	ag6e5jk63lp6	ee9c470d-6abc-4983-b654-3b174090651e
00000000-0000-0000-0000-000000000000	1369	bje3ylscd2si	ced63ad5-dc25-462d-9e4a-61322e1dc2a6	t	2026-06-25 16:50:24.868401+00	2026-06-25 17:49:24.675268+00	xbpxm26dahex	ee9c470d-6abc-4983-b654-3b174090651e
00000000-0000-0000-0000-000000000000	1429	nbafyd7shyh6	ced63ad5-dc25-462d-9e4a-61322e1dc2a6	t	2026-06-28 04:47:56.624412+00	2026-06-28 05:46:56.654999+00	xk7vbg7yb6f6	ee9c470d-6abc-4983-b654-3b174090651e
00000000-0000-0000-0000-000000000000	1373	3t3yz56pgbao	ced63ad5-dc25-462d-9e4a-61322e1dc2a6	t	2026-06-25 19:47:24.956379+00	2026-06-25 20:46:24.739098+00	lgdzuriv6lzz	ee9c470d-6abc-4983-b654-3b174090651e
00000000-0000-0000-0000-000000000000	1375	p6yx3v5sdh3d	ced63ad5-dc25-462d-9e4a-61322e1dc2a6	t	2026-06-25 21:44:26.483605+00	2026-06-25 22:43:30.853502+00	x3n4jjcd5o23	ee9c470d-6abc-4983-b654-3b174090651e
00000000-0000-0000-0000-000000000000	1295	fgwvplv45yma	ced63ad5-dc25-462d-9e4a-61322e1dc2a6	t	2026-06-24 13:20:51.19775+00	2026-06-24 14:19:25.201745+00	\N	ee9c470d-6abc-4983-b654-3b174090651e
00000000-0000-0000-0000-000000000000	1431	77rwx4cjo36i	ced63ad5-dc25-462d-9e4a-61322e1dc2a6	t	2026-06-28 06:45:56.645607+00	2026-06-28 07:44:56.459752+00	wlfmwccdrzyh	ee9c470d-6abc-4983-b654-3b174090651e
00000000-0000-0000-0000-000000000000	1377	wjt7ljqxgcaa	ced63ad5-dc25-462d-9e4a-61322e1dc2a6	t	2026-06-25 22:43:30.86942+00	2026-06-26 10:30:15.011816+00	p6yx3v5sdh3d	ee9c470d-6abc-4983-b654-3b174090651e
00000000-0000-0000-0000-000000000000	1433	zm6t4wr2jj6q	ced63ad5-dc25-462d-9e4a-61322e1dc2a6	t	2026-06-28 08:43:56.389132+00	2026-06-28 09:42:56.246517+00	ahzr7tiloqvx	ee9c470d-6abc-4983-b654-3b174090651e
00000000-0000-0000-0000-000000000000	1301	cjj37otk2olq	ced63ad5-dc25-462d-9e4a-61322e1dc2a6	t	2026-06-24 15:18:26.140945+00	2026-06-24 16:17:26.329669+00	matcyrxs7rhf	ee9c470d-6abc-4983-b654-3b174090651e
00000000-0000-0000-0000-000000000000	1387	eabf5lko7tqs	ced63ad5-dc25-462d-9e4a-61322e1dc2a6	t	2026-06-26 12:28:56.877077+00	2026-06-26 13:27:54.389688+00	gphce5hey5au	ee9c470d-6abc-4983-b654-3b174090651e
00000000-0000-0000-0000-000000000000	1435	etyga3oca7sz	ced63ad5-dc25-462d-9e4a-61322e1dc2a6	t	2026-06-28 10:41:56.382192+00	2026-06-28 11:40:56.400125+00	cx35evcha3of	ee9c470d-6abc-4983-b654-3b174090651e
00000000-0000-0000-0000-000000000000	1389	e6fln3wrxjjk	ced63ad5-dc25-462d-9e4a-61322e1dc2a6	t	2026-06-26 13:27:54.402934+00	2026-06-26 14:26:56.550403+00	eabf5lko7tqs	ee9c470d-6abc-4983-b654-3b174090651e
00000000-0000-0000-0000-000000000000	1391	t5bl42amjqv5	ced63ad5-dc25-462d-9e4a-61322e1dc2a6	t	2026-06-26 15:25:56.835926+00	2026-06-26 16:24:57.195702+00	7wip3mr3uqmr	ee9c470d-6abc-4983-b654-3b174090651e
00000000-0000-0000-0000-000000000000	1436	bflhef6sp7nv	ced63ad5-dc25-462d-9e4a-61322e1dc2a6	t	2026-06-28 11:40:56.430302+00	2026-06-28 12:39:56.196362+00	etyga3oca7sz	ee9c470d-6abc-4983-b654-3b174090651e
00000000-0000-0000-0000-000000000000	1393	2omlun25jwzr	ced63ad5-dc25-462d-9e4a-61322e1dc2a6	t	2026-06-26 17:23:56.882287+00	2026-06-26 18:22:56.302058+00	6p5ybfifhhqh	ee9c470d-6abc-4983-b654-3b174090651e
00000000-0000-0000-0000-000000000000	1395	fldxolelyg4n	ced63ad5-dc25-462d-9e4a-61322e1dc2a6	t	2026-06-26 19:21:56.861481+00	2026-06-26 20:20:57.8706+00	gdtkekvunlip	ee9c470d-6abc-4983-b654-3b174090651e
00000000-0000-0000-0000-000000000000	1350	zlpfdnnrvc5r	ced63ad5-dc25-462d-9e4a-61322e1dc2a6	t	2026-06-25 10:57:25.043526+00	2026-06-25 11:55:52.841775+00	y6p3i4bl2jpj	ee9c470d-6abc-4983-b654-3b174090651e
00000000-0000-0000-0000-000000000000	1437	rrpbuvwhfakb	ced63ad5-dc25-462d-9e4a-61322e1dc2a6	t	2026-06-28 12:39:56.223008+00	2026-06-28 13:38:56.279061+00	bflhef6sp7nv	ee9c470d-6abc-4983-b654-3b174090651e
00000000-0000-0000-0000-000000000000	1397	uy6jly7hwd5u	ced63ad5-dc25-462d-9e4a-61322e1dc2a6	t	2026-06-26 21:19:58.088633+00	2026-06-26 22:18:57.632342+00	o6zdpelgm426	ee9c470d-6abc-4983-b654-3b174090651e
00000000-0000-0000-0000-000000000000	1399	km7jrgk6uk6p	ced63ad5-dc25-462d-9e4a-61322e1dc2a6	t	2026-06-26 23:17:57.867877+00	2026-06-27 00:16:57.938403+00	p6gz2x5cqlyc	ee9c470d-6abc-4983-b654-3b174090651e
00000000-0000-0000-0000-000000000000	1438	nx3w6uqjmsdd	ced63ad5-dc25-462d-9e4a-61322e1dc2a6	t	2026-06-28 13:38:56.294203+00	2026-06-28 14:38:09.890428+00	rrpbuvwhfakb	ee9c470d-6abc-4983-b654-3b174090651e
00000000-0000-0000-0000-000000000000	1401	dd2rfejnvqji	ced63ad5-dc25-462d-9e4a-61322e1dc2a6	t	2026-06-27 01:15:57.882264+00	2026-06-27 02:14:58.024582+00	dqbdl5v6vhqv	ee9c470d-6abc-4983-b654-3b174090651e
00000000-0000-0000-0000-000000000000	1357	yysyuxobv6n3	ced63ad5-dc25-462d-9e4a-61322e1dc2a6	t	2026-06-25 11:55:52.85105+00	2026-06-25 12:54:23.914918+00	zlpfdnnrvc5r	ee9c470d-6abc-4983-b654-3b174090651e
00000000-0000-0000-0000-000000000000	1403	fuuvn4uhlmvd	ced63ad5-dc25-462d-9e4a-61322e1dc2a6	t	2026-06-27 03:13:57.734664+00	2026-06-27 04:12:57.884417+00	2h35tj726zh7	ee9c470d-6abc-4983-b654-3b174090651e
00000000-0000-0000-0000-000000000000	1439	hik3z7n36dni	ced63ad5-dc25-462d-9e4a-61322e1dc2a6	t	2026-06-28 14:38:09.899455+00	2026-06-28 15:37:56.159249+00	nx3w6uqjmsdd	ee9c470d-6abc-4983-b654-3b174090651e
00000000-0000-0000-0000-000000000000	1405	4bp4t55of4i4	ced63ad5-dc25-462d-9e4a-61322e1dc2a6	t	2026-06-27 05:11:57.546445+00	2026-06-27 06:10:57.670342+00	g2l3ecoj32xd	ee9c470d-6abc-4983-b654-3b174090651e
00000000-0000-0000-0000-000000000000	1361	qddh5lx3sb2j	ced63ad5-dc25-462d-9e4a-61322e1dc2a6	t	2026-06-25 12:54:23.930703+00	2026-06-25 13:53:25.216195+00	yysyuxobv6n3	ee9c470d-6abc-4983-b654-3b174090651e
00000000-0000-0000-0000-000000000000	1407	nv3qpjirnfr5	ced63ad5-dc25-462d-9e4a-61322e1dc2a6	t	2026-06-27 07:09:57.48001+00	2026-06-27 08:08:57.627858+00	dlew6u4a6dkc	ee9c470d-6abc-4983-b654-3b174090651e
00000000-0000-0000-0000-000000000000	1440	bkhy7n7bja7s	ced63ad5-dc25-462d-9e4a-61322e1dc2a6	t	2026-06-28 15:37:56.187012+00	2026-06-28 16:36:56.020881+00	hik3z7n36dni	ee9c470d-6abc-4983-b654-3b174090651e
00000000-0000-0000-0000-000000000000	1409	i2rsuk7bhm75	ced63ad5-dc25-462d-9e4a-61322e1dc2a6	t	2026-06-27 09:07:57.508573+00	2026-06-27 10:06:57.35243+00	j7cb2jtjvuli	ee9c470d-6abc-4983-b654-3b174090651e
00000000-0000-0000-0000-000000000000	1363	vri236s2qawr	ced63ad5-dc25-462d-9e4a-61322e1dc2a6	t	2026-06-25 13:53:25.244456+00	2026-06-25 14:52:24.036867+00	qddh5lx3sb2j	ee9c470d-6abc-4983-b654-3b174090651e
00000000-0000-0000-0000-000000000000	1365	wwc3j6smnzy3	ced63ad5-dc25-462d-9e4a-61322e1dc2a6	t	2026-06-25 14:52:24.047667+00	2026-06-25 15:51:24.956939+00	vri236s2qawr	ee9c470d-6abc-4983-b654-3b174090651e
00000000-0000-0000-0000-000000000000	1441	wxi3blc23o6g	ced63ad5-dc25-462d-9e4a-61322e1dc2a6	t	2026-06-28 16:36:56.043751+00	2026-06-28 17:35:55.972067+00	bkhy7n7bja7s	ee9c470d-6abc-4983-b654-3b174090651e
00000000-0000-0000-0000-000000000000	1411	2qdycxyunjq3	ced63ad5-dc25-462d-9e4a-61322e1dc2a6	t	2026-06-27 11:05:57.399159+00	2026-06-27 12:04:57.404555+00	hmbgejax35tn	ee9c470d-6abc-4983-b654-3b174090651e
00000000-0000-0000-0000-000000000000	1413	6vuqtqa3sa4h	ced63ad5-dc25-462d-9e4a-61322e1dc2a6	t	2026-06-27 13:03:57.423048+00	2026-06-27 14:02:57.206701+00	nyrcrijjsxzs	ee9c470d-6abc-4983-b654-3b174090651e
00000000-0000-0000-0000-000000000000	1442	5ilawojeryl5	ced63ad5-dc25-462d-9e4a-61322e1dc2a6	t	2026-06-28 17:35:55.996621+00	2026-06-28 18:34:56.212459+00	wxi3blc23o6g	ee9c470d-6abc-4983-b654-3b174090651e
00000000-0000-0000-0000-000000000000	1415	7qafbyleh26o	ced63ad5-dc25-462d-9e4a-61322e1dc2a6	t	2026-06-27 15:01:57.317979+00	2026-06-27 16:00:57.143592+00	3y3fn7ouqx6p	ee9c470d-6abc-4983-b654-3b174090651e
00000000-0000-0000-0000-000000000000	1417	qjvj34sgxbaa	ced63ad5-dc25-462d-9e4a-61322e1dc2a6	t	2026-06-27 16:59:57.250261+00	2026-06-27 17:58:57.234766+00	d5we5tqorczm	ee9c470d-6abc-4983-b654-3b174090651e
00000000-0000-0000-0000-000000000000	1443	debw35sd223x	ced63ad5-dc25-462d-9e4a-61322e1dc2a6	t	2026-06-28 18:34:56.233971+00	2026-06-28 19:33:56.163721+00	5ilawojeryl5	ee9c470d-6abc-4983-b654-3b174090651e
00000000-0000-0000-0000-000000000000	1419	l57letgzjbot	ced63ad5-dc25-462d-9e4a-61322e1dc2a6	t	2026-06-27 18:57:56.95979+00	2026-06-27 19:56:57.038912+00	csh4h6zbqgva	ee9c470d-6abc-4983-b654-3b174090651e
00000000-0000-0000-0000-000000000000	1421	g25dob7q6nds	ced63ad5-dc25-462d-9e4a-61322e1dc2a6	t	2026-06-27 20:55:56.897017+00	2026-06-27 21:54:57.031659+00	ahbjbdgasqe2	ee9c470d-6abc-4983-b654-3b174090651e
00000000-0000-0000-0000-000000000000	1444	as2bpk2fq373	ced63ad5-dc25-462d-9e4a-61322e1dc2a6	t	2026-06-28 19:33:56.186631+00	2026-06-28 20:32:55.999054+00	debw35sd223x	ee9c470d-6abc-4983-b654-3b174090651e
00000000-0000-0000-0000-000000000000	1423	5sw6okmc2e3w	ced63ad5-dc25-462d-9e4a-61322e1dc2a6	t	2026-06-27 22:53:56.825783+00	2026-06-27 23:52:56.743898+00	ziifgfahzett	ee9c470d-6abc-4983-b654-3b174090651e
00000000-0000-0000-0000-000000000000	1425	q6hszwxd4cd5	ced63ad5-dc25-462d-9e4a-61322e1dc2a6	t	2026-06-28 00:51:56.78077+00	2026-06-28 01:50:56.807317+00	qwi7lwjrryrb	ee9c470d-6abc-4983-b654-3b174090651e
00000000-0000-0000-0000-000000000000	1445	uzeldmtdnqrk	ced63ad5-dc25-462d-9e4a-61322e1dc2a6	t	2026-06-28 20:32:56.018133+00	2026-06-28 21:31:56.225093+00	as2bpk2fq373	ee9c470d-6abc-4983-b654-3b174090651e
00000000-0000-0000-0000-000000000000	1446	5lqe4tsyione	ced63ad5-dc25-462d-9e4a-61322e1dc2a6	t	2026-06-28 21:31:56.244827+00	2026-06-28 22:30:56.059586+00	uzeldmtdnqrk	ee9c470d-6abc-4983-b654-3b174090651e
00000000-0000-0000-0000-000000000000	1447	midexmr5x7m4	ced63ad5-dc25-462d-9e4a-61322e1dc2a6	t	2026-06-28 22:30:56.080484+00	2026-06-28 23:29:55.765559+00	5lqe4tsyione	ee9c470d-6abc-4983-b654-3b174090651e
00000000-0000-0000-0000-000000000000	1448	lfkysmsip2y4	ced63ad5-dc25-462d-9e4a-61322e1dc2a6	t	2026-06-28 23:29:55.787493+00	2026-06-29 00:28:55.678105+00	midexmr5x7m4	ee9c470d-6abc-4983-b654-3b174090651e
00000000-0000-0000-0000-000000000000	1500	yqbrvit42xbr	ced63ad5-dc25-462d-9e4a-61322e1dc2a6	t	2026-06-30 18:45:53.051672+00	2026-06-30 19:44:53.025018+00	6kp67lz5xd5y	ee9c470d-6abc-4983-b654-3b174090651e
00000000-0000-0000-0000-000000000000	1449	xslko3kxqmv5	ced63ad5-dc25-462d-9e4a-61322e1dc2a6	t	2026-06-29 00:28:55.6967+00	2026-06-29 01:27:55.695046+00	lfkysmsip2y4	ee9c470d-6abc-4983-b654-3b174090651e
00000000-0000-0000-0000-000000000000	1450	7w232vflvalf	ced63ad5-dc25-462d-9e4a-61322e1dc2a6	t	2026-06-29 01:27:55.723261+00	2026-06-29 02:26:55.802772+00	xslko3kxqmv5	ee9c470d-6abc-4983-b654-3b174090651e
00000000-0000-0000-0000-000000000000	1451	y4lzvi3rpdvq	ced63ad5-dc25-462d-9e4a-61322e1dc2a6	t	2026-06-29 02:26:55.826909+00	2026-06-29 03:25:55.548354+00	7w232vflvalf	ee9c470d-6abc-4983-b654-3b174090651e
00000000-0000-0000-0000-000000000000	1452	heaaywctp75q	ced63ad5-dc25-462d-9e4a-61322e1dc2a6	t	2026-06-29 03:25:55.564519+00	2026-06-29 04:24:55.509559+00	y4lzvi3rpdvq	ee9c470d-6abc-4983-b654-3b174090651e
00000000-0000-0000-0000-000000000000	1453	tq7vls2d75aj	ced63ad5-dc25-462d-9e4a-61322e1dc2a6	t	2026-06-29 04:24:55.531798+00	2026-06-29 05:23:55.595155+00	heaaywctp75q	ee9c470d-6abc-4983-b654-3b174090651e
00000000-0000-0000-0000-000000000000	1454	ksgq7xtgvjhx	ced63ad5-dc25-462d-9e4a-61322e1dc2a6	t	2026-06-29 05:23:55.620854+00	2026-06-29 06:22:55.378913+00	tq7vls2d75aj	ee9c470d-6abc-4983-b654-3b174090651e
00000000-0000-0000-0000-000000000000	1455	ms3mrn52zt3o	ced63ad5-dc25-462d-9e4a-61322e1dc2a6	t	2026-06-29 06:22:55.397789+00	2026-06-29 07:21:55.766381+00	ksgq7xtgvjhx	ee9c470d-6abc-4983-b654-3b174090651e
00000000-0000-0000-0000-000000000000	1456	xs7xznkl66zw	ced63ad5-dc25-462d-9e4a-61322e1dc2a6	t	2026-06-29 07:21:55.792617+00	2026-06-29 08:20:55.403946+00	ms3mrn52zt3o	ee9c470d-6abc-4983-b654-3b174090651e
00000000-0000-0000-0000-000000000000	1511	zawrifxaeo3u	ced63ad5-dc25-462d-9e4a-61322e1dc2a6	t	2026-06-30 21:42:53.763128+00	2026-07-01 03:24:13.902263+00	psxsz3chrjwd	ee9c470d-6abc-4983-b654-3b174090651e
00000000-0000-0000-0000-000000000000	1457	ajcdtjbwsrky	ced63ad5-dc25-462d-9e4a-61322e1dc2a6	t	2026-06-29 08:20:55.429416+00	2026-06-29 09:19:55.323717+00	xs7xznkl66zw	ee9c470d-6abc-4983-b654-3b174090651e
00000000-0000-0000-0000-000000000000	1580	74dhq7k5okom	ced63ad5-dc25-462d-9e4a-61322e1dc2a6	t	2026-07-02 12:39:44.850629+00	2026-07-02 14:00:22.319024+00	zxyd3awsqod4	55d36144-3b2d-46cc-a242-6d6f84885979
00000000-0000-0000-0000-000000000000	1458	rzn275b7ziyc	ced63ad5-dc25-462d-9e4a-61322e1dc2a6	t	2026-06-29 09:19:55.346288+00	2026-06-29 10:18:55.295551+00	ajcdtjbwsrky	ee9c470d-6abc-4983-b654-3b174090651e
00000000-0000-0000-0000-000000000000	1583	2drm23cpz7ts	ced63ad5-dc25-462d-9e4a-61322e1dc2a6	t	2026-07-02 13:10:13.713262+00	2026-07-02 14:10:13.817686+00	737u3qsg5e3e	ee9c470d-6abc-4983-b654-3b174090651e
00000000-0000-0000-0000-000000000000	1459	afrqw6axcvnn	ced63ad5-dc25-462d-9e4a-61322e1dc2a6	t	2026-06-29 10:18:55.323142+00	2026-06-29 11:17:55.13633+00	rzn275b7ziyc	ee9c470d-6abc-4983-b654-3b174090651e
00000000-0000-0000-0000-000000000000	1460	xmn556ajmm34	ced63ad5-dc25-462d-9e4a-61322e1dc2a6	t	2026-06-29 11:17:55.16456+00	2026-06-29 12:16:55.10902+00	afrqw6axcvnn	ee9c470d-6abc-4983-b654-3b174090651e
00000000-0000-0000-0000-000000000000	1461	b6zmnmcl2cdg	ced63ad5-dc25-462d-9e4a-61322e1dc2a6	t	2026-06-29 12:16:55.135744+00	2026-06-29 13:15:55.196641+00	xmn556ajmm34	ee9c470d-6abc-4983-b654-3b174090651e
00000000-0000-0000-0000-000000000000	1462	xmhbqwcscasn	ced63ad5-dc25-462d-9e4a-61322e1dc2a6	t	2026-06-29 13:15:55.22375+00	2026-06-29 14:14:55.154688+00	b6zmnmcl2cdg	ee9c470d-6abc-4983-b654-3b174090651e
00000000-0000-0000-0000-000000000000	1463	f2l3socxdbqo	ced63ad5-dc25-462d-9e4a-61322e1dc2a6	t	2026-06-29 14:14:55.171237+00	2026-06-29 15:13:51.783968+00	xmhbqwcscasn	ee9c470d-6abc-4983-b654-3b174090651e
00000000-0000-0000-0000-000000000000	1464	f4cfla6g3ygp	ced63ad5-dc25-462d-9e4a-61322e1dc2a6	t	2026-06-29 15:13:51.8094+00	2026-06-29 16:12:55.114737+00	f2l3socxdbqo	ee9c470d-6abc-4983-b654-3b174090651e
00000000-0000-0000-0000-000000000000	1465	5f2cvhluvm6l	ced63ad5-dc25-462d-9e4a-61322e1dc2a6	t	2026-06-29 16:12:55.147335+00	2026-06-29 17:11:55.042897+00	f4cfla6g3ygp	ee9c470d-6abc-4983-b654-3b174090651e
00000000-0000-0000-0000-000000000000	1466	w56ujajw4mlm	ced63ad5-dc25-462d-9e4a-61322e1dc2a6	t	2026-06-29 17:11:55.076175+00	2026-06-29 18:10:54.963377+00	5f2cvhluvm6l	ee9c470d-6abc-4983-b654-3b174090651e
00000000-0000-0000-0000-000000000000	1467	lbyschzrnk2h	ced63ad5-dc25-462d-9e4a-61322e1dc2a6	t	2026-06-29 18:10:54.993531+00	2026-06-29 19:09:55.0744+00	w56ujajw4mlm	ee9c470d-6abc-4983-b654-3b174090651e
00000000-0000-0000-0000-000000000000	1468	3y4tgcy5rh5r	ced63ad5-dc25-462d-9e4a-61322e1dc2a6	t	2026-06-29 19:09:55.09605+00	2026-06-29 20:08:54.945561+00	lbyschzrnk2h	ee9c470d-6abc-4983-b654-3b174090651e
00000000-0000-0000-0000-000000000000	1469	o3g62viczmkx	ced63ad5-dc25-462d-9e4a-61322e1dc2a6	t	2026-06-29 20:08:54.97088+00	2026-06-29 21:07:54.771315+00	3y4tgcy5rh5r	ee9c470d-6abc-4983-b654-3b174090651e
00000000-0000-0000-0000-000000000000	1470	izkgqunw4roy	ced63ad5-dc25-462d-9e4a-61322e1dc2a6	t	2026-06-29 21:07:54.800777+00	2026-06-29 22:06:54.877487+00	o3g62viczmkx	ee9c470d-6abc-4983-b654-3b174090651e
00000000-0000-0000-0000-000000000000	1471	2blbrwjzicqn	ced63ad5-dc25-462d-9e4a-61322e1dc2a6	t	2026-06-29 22:06:54.905217+00	2026-06-29 23:05:54.902188+00	izkgqunw4roy	ee9c470d-6abc-4983-b654-3b174090651e
00000000-0000-0000-0000-000000000000	1472	eagvmqwrcdou	ced63ad5-dc25-462d-9e4a-61322e1dc2a6	t	2026-06-29 23:05:54.924471+00	2026-06-30 00:04:54.665797+00	2blbrwjzicqn	ee9c470d-6abc-4983-b654-3b174090651e
00000000-0000-0000-0000-000000000000	1473	xm2tezblnnbc	ced63ad5-dc25-462d-9e4a-61322e1dc2a6	t	2026-06-30 00:04:54.680441+00	2026-06-30 01:03:54.214371+00	eagvmqwrcdou	ee9c470d-6abc-4983-b654-3b174090651e
00000000-0000-0000-0000-000000000000	1474	cstnadhnag2h	ced63ad5-dc25-462d-9e4a-61322e1dc2a6	t	2026-06-30 01:03:54.229974+00	2026-06-30 02:02:54.642337+00	xm2tezblnnbc	ee9c470d-6abc-4983-b654-3b174090651e
00000000-0000-0000-0000-000000000000	1475	4gxapadijks4	ced63ad5-dc25-462d-9e4a-61322e1dc2a6	t	2026-06-30 02:02:54.665527+00	2026-06-30 03:01:54.566876+00	cstnadhnag2h	ee9c470d-6abc-4983-b654-3b174090651e
00000000-0000-0000-0000-000000000000	1476	5s7v65v5axc3	ced63ad5-dc25-462d-9e4a-61322e1dc2a6	t	2026-06-30 03:01:54.590028+00	2026-06-30 04:00:54.553511+00	4gxapadijks4	ee9c470d-6abc-4983-b654-3b174090651e
00000000-0000-0000-0000-000000000000	1477	naqj7ylbwh2z	ced63ad5-dc25-462d-9e4a-61322e1dc2a6	t	2026-06-30 04:00:54.582513+00	2026-06-30 04:59:54.336751+00	5s7v65v5axc3	ee9c470d-6abc-4983-b654-3b174090651e
00000000-0000-0000-0000-000000000000	1478	cwvn62a5qmrf	ced63ad5-dc25-462d-9e4a-61322e1dc2a6	t	2026-06-30 04:59:54.345765+00	2026-06-30 05:58:54.525121+00	naqj7ylbwh2z	ee9c470d-6abc-4983-b654-3b174090651e
00000000-0000-0000-0000-000000000000	1479	ckghgcudet52	ced63ad5-dc25-462d-9e4a-61322e1dc2a6	t	2026-06-30 05:58:54.550706+00	2026-06-30 06:57:54.321839+00	cwvn62a5qmrf	ee9c470d-6abc-4983-b654-3b174090651e
00000000-0000-0000-0000-000000000000	1480	usjgyurtgl5x	ced63ad5-dc25-462d-9e4a-61322e1dc2a6	t	2026-06-30 06:57:54.345116+00	2026-06-30 07:56:54.400632+00	ckghgcudet52	ee9c470d-6abc-4983-b654-3b174090651e
00000000-0000-0000-0000-000000000000	1481	otepbjcl3mep	ced63ad5-dc25-462d-9e4a-61322e1dc2a6	t	2026-06-30 07:56:54.426472+00	2026-06-30 08:55:54.424123+00	usjgyurtgl5x	ee9c470d-6abc-4983-b654-3b174090651e
00000000-0000-0000-0000-000000000000	1482	34ccvzy7trtg	ced63ad5-dc25-462d-9e4a-61322e1dc2a6	t	2026-06-30 08:55:54.452017+00	2026-06-30 09:54:54.262422+00	otepbjcl3mep	ee9c470d-6abc-4983-b654-3b174090651e
00000000-0000-0000-0000-000000000000	1483	j4ymfu2tm2hf	ced63ad5-dc25-462d-9e4a-61322e1dc2a6	t	2026-06-30 09:54:54.281533+00	2026-06-30 10:53:54.270183+00	34ccvzy7trtg	ee9c470d-6abc-4983-b654-3b174090651e
00000000-0000-0000-0000-000000000000	1484	goazxxiw5t5j	ced63ad5-dc25-462d-9e4a-61322e1dc2a6	t	2026-06-30 10:53:54.29599+00	2026-06-30 11:52:53.641272+00	j4ymfu2tm2hf	ee9c470d-6abc-4983-b654-3b174090651e
00000000-0000-0000-0000-000000000000	1486	newuaxbi5wmj	ced63ad5-dc25-462d-9e4a-61322e1dc2a6	t	2026-06-30 11:52:53.655351+00	2026-06-30 12:51:52.773998+00	goazxxiw5t5j	ee9c470d-6abc-4983-b654-3b174090651e
00000000-0000-0000-0000-000000000000	1491	zlvickgz2yaw	ced63ad5-dc25-462d-9e4a-61322e1dc2a6	t	2026-06-30 12:51:52.783625+00	2026-06-30 13:50:53.84897+00	newuaxbi5wmj	ee9c470d-6abc-4983-b654-3b174090651e
00000000-0000-0000-0000-000000000000	1492	rwcklslh7vr2	ced63ad5-dc25-462d-9e4a-61322e1dc2a6	t	2026-06-30 13:50:53.872855+00	2026-06-30 14:49:53.772025+00	zlvickgz2yaw	ee9c470d-6abc-4983-b654-3b174090651e
00000000-0000-0000-0000-000000000000	1493	2sslkseejeys	ced63ad5-dc25-462d-9e4a-61322e1dc2a6	t	2026-06-30 14:49:53.790502+00	2026-06-30 15:48:53.94778+00	rwcklslh7vr2	ee9c470d-6abc-4983-b654-3b174090651e
00000000-0000-0000-0000-000000000000	1494	hhe6tqnvamjg	ced63ad5-dc25-462d-9e4a-61322e1dc2a6	t	2026-06-30 15:48:53.975155+00	2026-06-30 16:47:53.999776+00	2sslkseejeys	ee9c470d-6abc-4983-b654-3b174090651e
00000000-0000-0000-0000-000000000000	1495	7xlcyuo2qw42	ced63ad5-dc25-462d-9e4a-61322e1dc2a6	t	2026-06-30 16:47:54.023118+00	2026-06-30 17:46:53.960815+00	hhe6tqnvamjg	ee9c470d-6abc-4983-b654-3b174090651e
00000000-0000-0000-0000-000000000000	1496	6kp67lz5xd5y	ced63ad5-dc25-462d-9e4a-61322e1dc2a6	t	2026-06-30 17:46:53.986236+00	2026-06-30 18:45:53.039062+00	7xlcyuo2qw42	ee9c470d-6abc-4983-b654-3b174090651e
00000000-0000-0000-0000-000000000000	1574	l7ieopzpwvpl	ced63ad5-dc25-462d-9e4a-61322e1dc2a6	t	2026-07-02 10:10:56.834239+00	2026-07-02 11:10:13.712322+00	g752g7yucvkm	ee9c470d-6abc-4983-b654-3b174090651e
00000000-0000-0000-0000-000000000000	1512	7kdp4tfd5orx	ced63ad5-dc25-462d-9e4a-61322e1dc2a6	t	2026-07-01 03:24:13.930329+00	2026-07-01 04:24:10.88049+00	zawrifxaeo3u	ee9c470d-6abc-4983-b654-3b174090651e
00000000-0000-0000-0000-000000000000	1513	bmt2bvpwvsct	ced63ad5-dc25-462d-9e4a-61322e1dc2a6	t	2026-07-01 04:24:10.904387+00	2026-07-01 05:24:10.881837+00	7kdp4tfd5orx	ee9c470d-6abc-4983-b654-3b174090651e
00000000-0000-0000-0000-000000000000	1514	dnnjm2htodzs	ced63ad5-dc25-462d-9e4a-61322e1dc2a6	t	2026-07-01 05:24:10.897072+00	2026-07-01 06:24:11.05516+00	bmt2bvpwvsct	ee9c470d-6abc-4983-b654-3b174090651e
00000000-0000-0000-0000-000000000000	1576	5547luusm2wc	ced63ad5-dc25-462d-9e4a-61322e1dc2a6	t	2026-07-02 11:10:13.732294+00	2026-07-02 12:10:14.344713+00	l7ieopzpwvpl	ee9c470d-6abc-4983-b654-3b174090651e
00000000-0000-0000-0000-000000000000	1515	glivzc626p6n	ced63ad5-dc25-462d-9e4a-61322e1dc2a6	t	2026-07-01 06:24:11.084352+00	2026-07-01 07:24:10.846094+00	dnnjm2htodzs	ee9c470d-6abc-4983-b654-3b174090651e
00000000-0000-0000-0000-000000000000	1516	3p5bqzn63x7g	ced63ad5-dc25-462d-9e4a-61322e1dc2a6	t	2026-07-01 07:24:10.880485+00	2026-07-01 08:24:10.683149+00	glivzc626p6n	ee9c470d-6abc-4983-b654-3b174090651e
00000000-0000-0000-0000-000000000000	1572	zxyd3awsqod4	ced63ad5-dc25-462d-9e4a-61322e1dc2a6	t	2026-07-01 22:12:30.924086+00	2026-07-02 12:39:44.837849+00	\N	55d36144-3b2d-46cc-a242-6d6f84885979
00000000-0000-0000-0000-000000000000	1517	vw4l5oyj3t4x	ced63ad5-dc25-462d-9e4a-61322e1dc2a6	t	2026-07-01 08:24:10.703612+00	2026-07-01 09:24:10.762024+00	3p5bqzn63x7g	ee9c470d-6abc-4983-b654-3b174090651e
00000000-0000-0000-0000-000000000000	1518	kbicsfguu5wj	ced63ad5-dc25-462d-9e4a-61322e1dc2a6	t	2026-07-01 09:24:10.790196+00	2026-07-01 10:24:10.960557+00	vw4l5oyj3t4x	ee9c470d-6abc-4983-b654-3b174090651e
00000000-0000-0000-0000-000000000000	1579	737u3qsg5e3e	ced63ad5-dc25-462d-9e4a-61322e1dc2a6	t	2026-07-02 12:10:14.371051+00	2026-07-02 13:10:13.699931+00	5547luusm2wc	ee9c470d-6abc-4983-b654-3b174090651e
00000000-0000-0000-0000-000000000000	1519	tgnqdza27e5c	ced63ad5-dc25-462d-9e4a-61322e1dc2a6	t	2026-07-01 10:24:10.990686+00	2026-07-01 11:24:09.254557+00	kbicsfguu5wj	ee9c470d-6abc-4983-b654-3b174090651e
00000000-0000-0000-0000-000000000000	1522	ey3mkub4ttva	ced63ad5-dc25-462d-9e4a-61322e1dc2a6	t	2026-07-01 11:24:09.26949+00	2026-07-01 12:24:10.110817+00	tgnqdza27e5c	ee9c470d-6abc-4983-b654-3b174090651e
00000000-0000-0000-0000-000000000000	1588	l3wcydoedzll	ced63ad5-dc25-462d-9e4a-61322e1dc2a6	f	2026-07-02 14:00:22.334075+00	2026-07-02 14:00:22.334075+00	74dhq7k5okom	55d36144-3b2d-46cc-a242-6d6f84885979
00000000-0000-0000-0000-000000000000	1524	obrcjsg47eil	ced63ad5-dc25-462d-9e4a-61322e1dc2a6	t	2026-07-01 12:24:10.123322+00	2026-07-01 13:24:10.526206+00	ey3mkub4ttva	ee9c470d-6abc-4983-b654-3b174090651e
00000000-0000-0000-0000-000000000000	1591	63vxtpyb5vhr	ced63ad5-dc25-462d-9e4a-61322e1dc2a6	t	2026-07-02 14:10:13.821784+00	2026-07-02 15:10:14.784387+00	2drm23cpz7ts	ee9c470d-6abc-4983-b654-3b174090651e
00000000-0000-0000-0000-000000000000	1527	ohzh4j7ttfok	ced63ad5-dc25-462d-9e4a-61322e1dc2a6	t	2026-07-01 13:24:10.546724+00	2026-07-01 14:24:09.654398+00	obrcjsg47eil	ee9c470d-6abc-4983-b654-3b174090651e
00000000-0000-0000-0000-000000000000	1592	jqono2njjwcb	ced63ad5-dc25-462d-9e4a-61322e1dc2a6	t	2026-07-02 15:10:14.811178+00	2026-07-02 16:10:14.887839+00	63vxtpyb5vhr	ee9c470d-6abc-4983-b654-3b174090651e
00000000-0000-0000-0000-000000000000	1531	lym4l5vcuhx2	ced63ad5-dc25-462d-9e4a-61322e1dc2a6	t	2026-07-01 14:24:09.672553+00	2026-07-01 15:24:09.496512+00	ohzh4j7ttfok	ee9c470d-6abc-4983-b654-3b174090651e
00000000-0000-0000-0000-000000000000	1594	tcwf4mydnw5v	ced63ad5-dc25-462d-9e4a-61322e1dc2a6	t	2026-07-02 16:10:14.919555+00	2026-07-02 17:10:14.494457+00	jqono2njjwcb	ee9c470d-6abc-4983-b654-3b174090651e
00000000-0000-0000-0000-000000000000	1596	fqaw6gvw5sfs	ced63ad5-dc25-462d-9e4a-61322e1dc2a6	t	2026-07-02 17:10:14.505165+00	2026-07-02 18:10:14.832297+00	tcwf4mydnw5v	ee9c470d-6abc-4983-b654-3b174090651e
00000000-0000-0000-0000-000000000000	1533	gsbk7dy6kngi	ced63ad5-dc25-462d-9e4a-61322e1dc2a6	t	2026-07-01 15:24:09.518867+00	2026-07-01 16:24:09.535995+00	lym4l5vcuhx2	ee9c470d-6abc-4983-b654-3b174090651e
00000000-0000-0000-0000-000000000000	1536	ygzramzck62z	ced63ad5-dc25-462d-9e4a-61322e1dc2a6	t	2026-07-01 16:24:09.536567+00	2026-07-01 17:30:28.756804+00	gsbk7dy6kngi	ee9c470d-6abc-4983-b654-3b174090651e
00000000-0000-0000-0000-000000000000	1597	cicsnv5shyz2	ced63ad5-dc25-462d-9e4a-61322e1dc2a6	t	2026-07-02 18:10:14.858774+00	2026-07-02 19:10:14.682488+00	fqaw6gvw5sfs	ee9c470d-6abc-4983-b654-3b174090651e
00000000-0000-0000-0000-000000000000	1600	v3ebtdnwmc6o	ced63ad5-dc25-462d-9e4a-61322e1dc2a6	t	2026-07-02 19:10:14.70165+00	2026-07-02 20:10:14.572994+00	cicsnv5shyz2	ee9c470d-6abc-4983-b654-3b174090651e
00000000-0000-0000-0000-000000000000	1602	4yl53jifwhzl	ced63ad5-dc25-462d-9e4a-61322e1dc2a6	t	2026-07-02 20:10:14.586444+00	2026-07-02 21:10:13.650706+00	v3ebtdnwmc6o	ee9c470d-6abc-4983-b654-3b174090651e
00000000-0000-0000-0000-000000000000	1603	mfixm5sbxs5u	ced63ad5-dc25-462d-9e4a-61322e1dc2a6	t	2026-07-02 20:34:52.975134+00	2026-07-02 21:33:36.508054+00	\N	e06b774a-df10-4e3d-851d-36e083a91976
00000000-0000-0000-0000-000000000000	1604	3nvnv3spe4sa	ced63ad5-dc25-462d-9e4a-61322e1dc2a6	t	2026-07-02 21:10:13.664236+00	2026-07-02 22:10:14.567217+00	4yl53jifwhzl	ee9c470d-6abc-4983-b654-3b174090651e
00000000-0000-0000-0000-000000000000	1605	q3ifoprl2kvb	ced63ad5-dc25-462d-9e4a-61322e1dc2a6	t	2026-07-02 21:33:36.530888+00	2026-07-03 10:50:05.672986+00	mfixm5sbxs5u	e06b774a-df10-4e3d-851d-36e083a91976
00000000-0000-0000-0000-000000000000	1538	62vmhyg7u2sb	ced63ad5-dc25-462d-9e4a-61322e1dc2a6	t	2026-07-01 17:30:28.775141+00	2026-07-01 18:30:09.408357+00	ygzramzck62z	ee9c470d-6abc-4983-b654-3b174090651e
00000000-0000-0000-0000-000000000000	1558	qmad6ajab56h	ced63ad5-dc25-462d-9e4a-61322e1dc2a6	t	2026-07-01 18:30:09.413917+00	2026-07-01 19:30:09.512172+00	62vmhyg7u2sb	ee9c470d-6abc-4983-b654-3b174090651e
00000000-0000-0000-0000-000000000000	1560	2d6f2fogaso6	ced63ad5-dc25-462d-9e4a-61322e1dc2a6	t	2026-07-01 19:30:09.529157+00	2026-07-01 20:30:08.863351+00	qmad6ajab56h	ee9c470d-6abc-4983-b654-3b174090651e
00000000-0000-0000-0000-000000000000	1568	x6o775lgffeh	ced63ad5-dc25-462d-9e4a-61322e1dc2a6	t	2026-07-01 20:30:08.884022+00	2026-07-01 21:30:06.046334+00	2d6f2fogaso6	ee9c470d-6abc-4983-b654-3b174090651e
00000000-0000-0000-0000-000000000000	1571	g752g7yucvkm	ced63ad5-dc25-462d-9e4a-61322e1dc2a6	t	2026-07-01 21:30:06.068296+00	2026-07-02 10:10:56.818412+00	x6o775lgffeh	ee9c470d-6abc-4983-b654-3b174090651e
00000000-0000-0000-0000-000000000000	1606	l66oxt4vsytw	ced63ad5-dc25-462d-9e4a-61322e1dc2a6	t	2026-07-02 22:10:14.588896+00	2026-07-03 10:53:12.772012+00	3nvnv3spe4sa	ee9c470d-6abc-4983-b654-3b174090651e
00000000-0000-0000-0000-000000000000	1608	jhtsvrrthxfu	ced63ad5-dc25-462d-9e4a-61322e1dc2a6	t	2026-07-03 10:50:05.675414+00	2026-07-03 11:48:36.707248+00	q3ifoprl2kvb	e06b774a-df10-4e3d-851d-36e083a91976
00000000-0000-0000-0000-000000000000	1614	xxczss4shhfj	ced63ad5-dc25-462d-9e4a-61322e1dc2a6	f	2026-07-03 11:48:36.716908+00	2026-07-03 11:48:36.716908+00	jhtsvrrthxfu	e06b774a-df10-4e3d-851d-36e083a91976
00000000-0000-0000-0000-000000000000	1610	kun4sl6sabx4	ced63ad5-dc25-462d-9e4a-61322e1dc2a6	t	2026-07-03 10:53:12.789533+00	2026-07-03 11:53:16.831857+00	l66oxt4vsytw	ee9c470d-6abc-4983-b654-3b174090651e
00000000-0000-0000-0000-000000000000	1615	mugmp55eqrx5	ced63ad5-dc25-462d-9e4a-61322e1dc2a6	t	2026-07-03 11:53:16.838305+00	2026-07-03 12:53:22.124639+00	kun4sl6sabx4	ee9c470d-6abc-4983-b654-3b174090651e
00000000-0000-0000-0000-000000000000	1617	n7dfqbvert7c	7635b7c6-1dc9-4790-a6b0-cfb6921337da	t	2026-07-03 12:52:07.089945+00	2026-07-03 13:50:52.728899+00	\N	b0fca195-0e77-4886-be67-f85c9be47cbd
00000000-0000-0000-0000-000000000000	1618	mito57yn6e5c	ced63ad5-dc25-462d-9e4a-61322e1dc2a6	t	2026-07-03 12:53:22.131777+00	2026-07-03 13:53:17.301475+00	mugmp55eqrx5	ee9c470d-6abc-4983-b654-3b174090651e
00000000-0000-0000-0000-000000000000	1621	grjgudpcg6qz	ced63ad5-dc25-462d-9e4a-61322e1dc2a6	t	2026-07-03 13:53:17.3254+00	2026-07-03 14:53:13.250073+00	mito57yn6e5c	ee9c470d-6abc-4983-b654-3b174090651e
00000000-0000-0000-0000-000000000000	1620	u6h63xmmfze4	7635b7c6-1dc9-4790-a6b0-cfb6921337da	t	2026-07-03 13:50:52.739067+00	2026-07-03 14:59:02.300248+00	n7dfqbvert7c	b0fca195-0e77-4886-be67-f85c9be47cbd
00000000-0000-0000-0000-000000000000	1622	764iouwlzhxd	ced63ad5-dc25-462d-9e4a-61322e1dc2a6	t	2026-07-03 14:53:13.270978+00	2026-07-03 15:53:17.732888+00	grjgudpcg6qz	ee9c470d-6abc-4983-b654-3b174090651e
00000000-0000-0000-0000-000000000000	1623	44hredrzfukm	7635b7c6-1dc9-4790-a6b0-cfb6921337da	t	2026-07-03 14:59:02.312723+00	2026-07-03 16:50:57.88069+00	u6h63xmmfze4	b0fca195-0e77-4886-be67-f85c9be47cbd
00000000-0000-0000-0000-000000000000	1624	qgeypfwg7zje	ced63ad5-dc25-462d-9e4a-61322e1dc2a6	t	2026-07-03 15:53:17.771842+00	2026-07-03 16:52:49.805381+00	764iouwlzhxd	ee9c470d-6abc-4983-b654-3b174090651e
00000000-0000-0000-0000-000000000000	1619	b6lpmg43dk5o	7635b7c6-1dc9-4790-a6b0-cfb6921337da	t	2026-07-03 13:19:51.991999+00	2026-07-03 17:48:10.444876+00	\N	7fa2c60a-d7e2-45e8-8fc6-8c94502292cf
00000000-0000-0000-0000-000000000000	1626	xz5mgcvnkcpw	ced63ad5-dc25-462d-9e4a-61322e1dc2a6	t	2026-07-03 16:52:49.809882+00	2026-07-03 17:52:16.426749+00	qgeypfwg7zje	ee9c470d-6abc-4983-b654-3b174090651e
00000000-0000-0000-0000-000000000000	1625	wmhccvqtrgo3	7635b7c6-1dc9-4790-a6b0-cfb6921337da	t	2026-07-03 16:50:57.904896+00	2026-07-03 17:58:47.57957+00	44hredrzfukm	b0fca195-0e77-4886-be67-f85c9be47cbd
00000000-0000-0000-0000-000000000000	1627	lory77idse4o	7635b7c6-1dc9-4790-a6b0-cfb6921337da	t	2026-07-03 17:48:10.460118+00	2026-07-03 18:46:40.115252+00	b6lpmg43dk5o	7fa2c60a-d7e2-45e8-8fc6-8c94502292cf
00000000-0000-0000-0000-000000000000	1630	sfujsxaneuls	7635b7c6-1dc9-4790-a6b0-cfb6921337da	f	2026-07-03 18:46:40.1401+00	2026-07-03 18:46:40.1401+00	lory77idse4o	7fa2c60a-d7e2-45e8-8fc6-8c94502292cf
00000000-0000-0000-0000-000000000000	1628	7fplxlsfmwwl	ced63ad5-dc25-462d-9e4a-61322e1dc2a6	t	2026-07-03 17:52:16.438045+00	2026-07-03 18:52:16.701199+00	xz5mgcvnkcpw	ee9c470d-6abc-4983-b654-3b174090651e
00000000-0000-0000-0000-000000000000	1631	bydx5lgnxtjw	ced63ad5-dc25-462d-9e4a-61322e1dc2a6	f	2026-07-03 18:52:16.712629+00	2026-07-03 18:52:16.712629+00	7fplxlsfmwwl	ee9c470d-6abc-4983-b654-3b174090651e
00000000-0000-0000-0000-000000000000	1629	axe4nswdzpr5	7635b7c6-1dc9-4790-a6b0-cfb6921337da	t	2026-07-03 17:58:47.590749+00	2026-07-03 18:57:40.874114+00	wmhccvqtrgo3	b0fca195-0e77-4886-be67-f85c9be47cbd
00000000-0000-0000-0000-000000000000	1632	yonxq2tdsyym	7635b7c6-1dc9-4790-a6b0-cfb6921337da	f	2026-07-03 18:57:40.880779+00	2026-07-03 18:57:40.880779+00	axe4nswdzpr5	b0fca195-0e77-4886-be67-f85c9be47cbd
\.


--
-- Data for Name: sso_providers; Type: TABLE DATA; Schema: auth; Owner: -
--

COPY auth.sso_providers (id, resource_id, created_at, updated_at, disabled) FROM stdin;
\.


--
-- Data for Name: saml_providers; Type: TABLE DATA; Schema: auth; Owner: -
--

COPY auth.saml_providers (id, sso_provider_id, entity_id, metadata_xml, metadata_url, attribute_mapping, created_at, updated_at, name_id_format) FROM stdin;
\.


--
-- Data for Name: saml_relay_states; Type: TABLE DATA; Schema: auth; Owner: -
--

COPY auth.saml_relay_states (id, sso_provider_id, request_id, for_email, redirect_to, created_at, updated_at, flow_state_id) FROM stdin;
\.


--
-- Data for Name: schema_migrations; Type: TABLE DATA; Schema: auth; Owner: -
--

COPY auth.schema_migrations (version) FROM stdin;
20171026211738
20171026211808
20171026211834
20180103212743
20180108183307
20180119214651
20180125194653
00
20210710035447
20210722035447
20210730183235
20210909172000
20210927181326
20211122151130
20211124214934
20211202183645
20220114185221
20220114185340
20220224000811
20220323170000
20220429102000
20220531120530
20220614074223
20220811173540
20221003041349
20221003041400
20221011041400
20221020193600
20221021073300
20221021082433
20221027105023
20221114143122
20221114143410
20221125140132
20221208132122
20221215195500
20221215195800
20221215195900
20230116124310
20230116124412
20230131181311
20230322519590
20230402418590
20230411005111
20230508135423
20230523124323
20230818113222
20230914180801
20231027141322
20231114161723
20231117164230
20240115144230
20240214120130
20240306115329
20240314092811
20240427152123
20240612123726
20240729123726
20240802193726
20240806073726
20241009103726
20250717082212
20250731150234
20250804100000
20250901200500
20250903112500
20250904133000
20250925093508
20251007112900
20251104100000
20251111201300
20251201000000
20260115000000
20260121000000
20260219120000
20260302000000
20260625000000
\.


--
-- Data for Name: sso_domains; Type: TABLE DATA; Schema: auth; Owner: -
--

COPY auth.sso_domains (id, sso_provider_id, domain, created_at, updated_at) FROM stdin;
\.


--
-- Data for Name: webauthn_challenges; Type: TABLE DATA; Schema: auth; Owner: -
--

COPY auth.webauthn_challenges (id, user_id, challenge_type, session_data, created_at, expires_at) FROM stdin;
\.


--
-- Data for Name: webauthn_credentials; Type: TABLE DATA; Schema: auth; Owner: -
--

COPY auth.webauthn_credentials (id, user_id, credential_id, public_key, attestation_type, aaguid, sign_count, transports, backup_eligible, backed_up, friendly_name, created_at, updated_at, last_used_at) FROM stdin;
\.


--
-- Data for Name: events; Type: TABLE DATA; Schema: public; Owner: -
--

COPY public.events (id, user_id, title, description, start_date, end_date, created_at) FROM stdin;
\.


--
-- Data for Name: finance_transactions; Type: TABLE DATA; Schema: public; Owner: -
--

COPY public.finance_transactions (id, user_id, description, amount, date, type, status, created_at, category) FROM stdin;
2	c001e964-b57f-4709-a167-e8177366a56b	1º Parecela IPTU	1029.39	2026-02-09	payable	paid	2026-02-04 21:32:59.781926+00	\N
4	c001e964-b57f-4709-a167-e8177366a56b	Convênio	1200.00	2026-02-10	payable	pending	2026-02-10 13:20:50.006717+00	\N
3	c001e964-b57f-4709-a167-e8177366a56b	Tim	23.50	2026-02-09	payable	paid	2026-02-09 18:12:33.737013+00	\N
5	c001e964-b57f-4709-a167-e8177366a56b	IPVA HRV	587.91	2026-02-11	payable	paid	2026-02-10 21:11:40.597406+00	\N
1	c001e964-b57f-4709-a167-e8177366a56b	2º Parcela do IPVA - Ford Ká	288.67	2026-02-20	payable	paid	2026-02-04 21:31:43.498478+00	\N
\.


--
-- Data for Name: goals; Type: TABLE DATA; Schema: public; Owner: -
--

COPY public.goals (id, user_id, title, description, target_date, is_completed, created_at) FROM stdin;
\.


--
-- Data for Name: profiles; Type: TABLE DATA; Schema: public; Owner: -
--

COPY public.profiles (id, email, full_name, avatar_url, created_at) FROM stdin;
b7bbff6c-a762-4387-af99-0759349a7704	teste@teste.com	\N	\N	2026-06-17 18:35:58.961656+00
c001e964-b57f-4709-a167-e8177366a56b	contato.timc@gmail.com	\N	\N	2026-06-17 18:35:58.961656+00
7635b7c6-1dc9-4790-a6b0-cfb6921337da	michel.coutinho.ftk@gmail.com	\N	\N	2026-06-17 18:35:58.961656+00
74c0a802-872c-4545-9c9c-4d451cbf2cc1	michelgabriel231@gmail.com	\N	\N	2026-06-19 12:09:49.078769+00
ced63ad5-dc25-462d-9e4a-61322e1dc2a6	cesar.fonseca.fj@gmail.com	\N	\N	2026-06-24 13:17:48.862946+00
d639bc30-dfc3-4b50-b4ed-eeb25e81b70c	michelcoutinho010@gmail.com	\N	\N	2026-06-24 13:19:12.3039+00
\.


--
-- Data for Name: projects; Type: TABLE DATA; Schema: public; Owner: -
--

COPY public.projects (id, created_at, name, description, color, icon, owner_id, status, shared_with, show_on_dashboard) FROM stdin;
74	2026-06-30 20:44:23.670913+00	Gerenciador de Tarefas	\N	#6366f1	\N	ced63ad5-dc25-462d-9e4a-61322e1dc2a6	active	{}	t
72	2026-06-24 13:25:36.758237+00	Pessoal Falcon	\N	#22c55e	\N	ced63ad5-dc25-462d-9e4a-61322e1dc2a6	active	{}	t
75	2026-06-30 20:46:19.573203+00	Pessoal - Pessoal	\N	#3b82f6	\N	ced63ad5-dc25-462d-9e4a-61322e1dc2a6	active	{}	t
1	2026-06-15 19:39:36.755789+00	Falcontruck	\N	#f59e0b	\N	c001e964-b57f-4709-a167-e8177366a56b	active	{7635b7c6-1dc9-4790-a6b0-cfb6921337da}	f
79	2026-07-03 17:44:57.258135+00	projeto teste	\N	#eab308	\N	7635b7c6-1dc9-4790-a6b0-cfb6921337da	active	{}	t
\.


--
-- Data for Name: project_invites; Type: TABLE DATA; Schema: public; Owner: -
--

COPY public.project_invites (id, project_id, invited_user_id, invited_by_user_id, status, created_at) FROM stdin;
63	1	ced63ad5-dc25-462d-9e4a-61322e1dc2a6	c001e964-b57f-4709-a167-e8177366a56b	accepted	2026-06-30 19:30:38.810866+00
64	74	7635b7c6-1dc9-4790-a6b0-cfb6921337da	ced63ad5-dc25-462d-9e4a-61322e1dc2a6	accepted	2026-06-30 20:44:39.789208+00
\.


--
-- Data for Name: project_members; Type: TABLE DATA; Schema: public; Owner: -
--

COPY public.project_members (id, created_at, project_id, user_id, role) FROM stdin;
14	2026-06-18 15:36:54.396429+00	1	7635b7c6-1dc9-4790-a6b0-cfb6921337da	member
78	2026-06-30 19:30:53.802741+00	1	ced63ad5-dc25-462d-9e4a-61322e1dc2a6	member
79	2026-06-30 20:45:28.818415+00	74	7635b7c6-1dc9-4790-a6b0-cfb6921337da	member
\.


--
-- Data for Name: project_sections; Type: TABLE DATA; Schema: public; Owner: -
--

COPY public.project_sections (id, created_at, project_id, title, color, "position") FROM stdin;
1	2026-06-15 19:39:37.083513+00	1	A fazer	#94a3b8	0
2	2026-06-15 19:39:37.083513+00	1	Em andamento	#3b82f6	1
3	2026-06-15 19:39:37.083513+00	1	Em revisão	#f59e0b	2
4	2026-06-15 19:39:37.083513+00	1	Concluído	#22c55e	3
\.


--
-- Data for Name: project_tasks; Type: TABLE DATA; Schema: public; Owner: -
--

COPY public.project_tasks (id, created_at, project_id, section_id, parent_task_id, title, description, priority, assignee_id, due_date, "position", is_completed) FROM stdin;
\.


--
-- Data for Name: sections; Type: TABLE DATA; Schema: public; Owner: -
--

COPY public.sections (id, user_id, project_id, title, "order", created_at) FROM stdin;
7	ced63ad5-dc25-462d-9e4a-61322e1dc2a6	1	Tarefas Falcontruck	0	2026-07-03 12:59:32.174347+00
8	ced63ad5-dc25-462d-9e4a-61322e1dc2a6	72	RH	0	2026-07-03 13:08:46.769633+00
9	ced63ad5-dc25-462d-9e4a-61322e1dc2a6	72	Ajustes Sismema - Comercial	1	2026-07-03 13:10:39.908457+00
26	7635b7c6-1dc9-4790-a6b0-cfb6921337da	79	Nova pasta	0	2026-07-03 18:50:44.351931+00
27	7635b7c6-1dc9-4790-a6b0-cfb6921337da	79	Nova pasta	1	2026-07-03 18:50:45.942648+00
28	7635b7c6-1dc9-4790-a6b0-cfb6921337da	79	Nova pasta	2	2026-07-03 18:50:47.429119+00
\.


--
-- Data for Name: view_groups; Type: TABLE DATA; Schema: public; Owner: -
--

COPY public.view_groups (id, user_id, title, start_time, end_time, created_at, color, icon, type, recurrence_type, recurrence_days, schedules, project_id, show_on_dashboard) FROM stdin;
115	c001e964-b57f-4709-a167-e8177366a56b	Lista de Vídeos	\N	\N	2026-02-12 10:47:15.534483+00	#6366f1	Zap	list	daily	\N	\N	\N	t
116	c001e964-b57f-4709-a167-e8177366a56b	Design e IA	\N	\N	2026-02-12 14:10:06.736+00	#22c55e	Star	list	\N	\N	\N	\N	t
113	c001e964-b57f-4709-a167-e8177366a56b	Sábado de Manhã	07:00:00	12:30:00	2026-02-11 19:13:36.843529+00	#6366f1	Folder	time	weekly	[5]	[{"end_time": "12:30", "start_time": "07:00", "recurrence_days": [5], "recurrence_type": "weekly"}]	\N	t
2	c001e964-b57f-4709-a167-e8177366a56b	Manhã Trabalho	09:00:00	12:30:00	2026-01-21 15:00:42.499805+00	#6366f1	Briefcase	time	weekly	[1, 2, 3, 4, 5]	[{"end_time": "12:30", "start_time": "09:00", "recurrence_days": [1, 2, 3, 4, 5], "recurrence_type": "weekly"}]	\N	t
73	c001e964-b57f-4709-a167-e8177366a56b	Compras	\N	\N	2026-02-10 14:03:57.606309+00	#6366f1	Folder	category	daily	\N	\N	\N	t
8	c001e964-b57f-4709-a167-e8177366a56b	Catálogos de Livros	\N	\N	2026-01-21 19:58:03.643207+00	#22c55e	Star	list	daily	\N	\N	\N	t
9	c001e964-b57f-4709-a167-e8177366a56b	Falcontruck	\N	\N	2026-01-21 21:56:51.520098+00	#f59e0b	Briefcase	category	daily	\N	\N	\N	t
10	c001e964-b57f-4709-a167-e8177366a56b	Automaik	\N	\N	2026-01-21 21:57:11.804272+00	#14b8a6	CheckCircle	category	daily	\N	\N	\N	t
12	c001e964-b57f-4709-a167-e8177366a56b	Finanças	\N	\N	2026-01-22 23:03:27.503561+00	#10b981	DollarSign	category	daily	\N	\N	\N	t
153	7635b7c6-1dc9-4790-a6b0-cfb6921337da	Manha de Trabalho	08:00:00	11:30:00	2026-07-03 11:45:18.940157+00	#ef4444	\N	time	weekly	[1, 2, 3, 4, 5]	\N	\N	t
154	7635b7c6-1dc9-4790-a6b0-cfb6921337da	Tarde de Trabalho	11:30:00	18:00:00	2026-07-03 11:45:59.057921+00	#0ea5e9	\N	time	weekly	[1, 2, 3, 4, 5]	\N	\N	t
155	7635b7c6-1dc9-4790-a6b0-cfb6921337da	Sabado e Domingo	00:00:00	23:59:00	2026-07-03 11:46:52.46557+00	#eab308	😎	time	weekly	[6, 0]	\N	\N	t
156	7635b7c6-1dc9-4790-a6b0-cfb6921337da	Importante	\N	\N	2026-07-03 11:47:57.011436+00	#ef4444	❗	list	\N	\N	\N	\N	t
157	7635b7c6-1dc9-4790-a6b0-cfb6921337da	Recomendações	\N	\N	2026-07-03 11:48:59.415045+00	#f97316	✌️	list	\N	\N	\N	\N	t
112	c001e964-b57f-4709-a167-e8177366a56b	Pessoal	\N	\N	2026-02-11 13:21:08.894304+00	#ec4899	Coffee	category	daily	\N	\N	\N	t
1	c001e964-b57f-4709-a167-e8177366a56b	Manhã Casa	05:00:00	09:00:00	2026-01-21 15:00:14.101763+00	#f59e0b	Sun	time	weekly	[1, 2, 3, 4, 5]	[{"end_time": "09:00", "start_time": "05:00", "recurrence_days": [1, 2, 3, 4, 5], "recurrence_type": "weekly"}]	\N	t
3	c001e964-b57f-4709-a167-e8177366a56b	Almoço	11:45:00	14:00:00	2026-01-21 15:01:11.522491+00	#ef4444	Coffee	time	weekly	[1, 2, 3, 4, 5]	[{"end_time": "14:00", "start_time": "11:45", "recurrence_days": [1, 2, 3, 4, 5], "recurrence_type": "weekly"}]	\N	t
4	c001e964-b57f-4709-a167-e8177366a56b	Tarde Trabalho	13:00:00	19:00:00	2026-01-21 15:01:40.372065+00	#6366f1	Laptop	time	weekly	[1, 2, 3, 4, 5]	[{"end_time": "19:00", "start_time": "13:00", "recurrence_days": [1, 2, 3, 4, 5], "recurrence_type": "weekly"}]	\N	t
5	c001e964-b57f-4709-a167-e8177366a56b	Noite	17:30:00	23:00:00	2026-01-21 15:02:19.361178+00	#64748b	Moon	time	weekly	[1, 2, 3, 4, 5]	[{"end_time": "23:00", "start_time": "17:30", "recurrence_days": [1, 2, 3, 4, 5], "recurrence_type": "weekly"}]	\N	t
114	c001e964-b57f-4709-a167-e8177366a56b	Sábado a Tarde	12:00:00	19:14:00	2026-02-11 19:15:01.747598+00	#6366f1	Folder	time	weekly	[6]	[{"end_time": "19:14", "start_time": "12:00", "recurrence_days": [6], "recurrence_type": "weekly"}]	\N	t
122	7635b7c6-1dc9-4790-a6b0-cfb6921337da	Compras	\N	\N	2026-06-17 19:02:02.343364+00	#6366f1	Folder	category	daily	\N	\N	\N	t
123	7635b7c6-1dc9-4790-a6b0-cfb6921337da	Compras	\N	\N	2026-06-17 19:02:02.557672+00	#6366f1	Folder	category	daily	\N	\N	\N	t
124	7635b7c6-1dc9-4790-a6b0-cfb6921337da	Finanças	\N	\N	2026-06-17 19:02:02.902415+00	#10b981	DollarSign	category	daily	\N	\N	\N	t
125	7635b7c6-1dc9-4790-a6b0-cfb6921337da	Finanças	\N	\N	2026-06-17 19:02:03.145643+00	#10b981	DollarSign	category	daily	\N	\N	\N	t
136	ced63ad5-dc25-462d-9e4a-61322e1dc2a6	Manhã Trabalho	09:00:00	12:00:00	2026-06-24 13:29:10.731875+00	#c67139	\N	time	weekly	[1, 2, 3, 4, 5]	\N	\N	t
137	ced63ad5-dc25-462d-9e4a-61322e1dc2a6	Almoço	11:45:00	14:00:00	2026-06-24 13:30:42.28577+00	#f7e950	\N	time	weekly	[1, 2, 3, 4, 5]	\N	\N	t
138	ced63ad5-dc25-462d-9e4a-61322e1dc2a6	Manhã Casa	05:00:00	11:00:00	2026-06-24 13:31:27.024325+00	#6366f1	\N	time	weekly	[1, 2, 3, 4, 5]	\N	\N	t
139	ced63ad5-dc25-462d-9e4a-61322e1dc2a6	Final de Semana	06:00:00	00:00:00	2026-06-24 13:31:55.25875+00	#6366f1	\N	time	weekly	[6, 0]	\N	\N	t
140	ced63ad5-dc25-462d-9e4a-61322e1dc2a6	Tarde Trabalho	13:00:00	21:00:00	2026-06-24 13:33:50.021905+00	#2b407d	\N	time	weekly	[1, 2, 3, 4, 5]	\N	\N	t
141	ced63ad5-dc25-462d-9e4a-61322e1dc2a6	Tarde Pessoal	14:00:00	21:00:00	2026-06-24 13:34:34.96449+00	#6366f1	\N	time	weekly	[1, 2, 3, 4, 5]	\N	\N	t
142	ced63ad5-dc25-462d-9e4a-61322e1dc2a6	Anotações	\N	\N	2026-06-24 13:35:18.592142+00	#6366f1	\N	list	\N	\N	\N	\N	t
143	d639bc30-dfc3-4b50-b4ed-eeb25e81b70c	aa	\N	\N	2026-06-24 18:25:17.859421+00	#6366f1	\N	list	\N	\N	\N	\N	t
\.


--
-- Data for Name: todos; Type: TABLE DATA; Schema: public; Owner: -
--

COPY public.todos (id, user_id, title, is_completed, goal_id, created_at, view_group_id, due_at, is_important, project_id, section_id, due_date, "position", description, priority, status) FROM stdin;
60	c001e964-b57f-4709-a167-e8177366a56b	Preparar Jogo Jornada FJU	t	\N	2026-02-13 10:29:50.15878+00	1	\N	f	\N	\N	\N	0	\N	\N	a_fazer
73	c001e964-b57f-4709-a167-e8177366a56b	Pegar Tala	t	\N	2026-02-26 14:36:29.618552+00	1	\N	f	\N	\N	\N	0	\N	\N	a_fazer
266	d639bc30-dfc3-4b50-b4ed-eeb25e81b70c	aa	f	\N	2026-06-24 18:25:24.44822+00	143	\N	f	\N	\N	\N	0	\N	\N	a_fazer
67	c001e964-b57f-4709-a167-e8177366a56b	Lembrar Erika do Latam	t	\N	2026-02-16 14:45:03.44201+00	112	2026-02-16 14:45:00+00	f	\N	\N	\N	0	\N	\N	a_fazer
68	c001e964-b57f-4709-a167-e8177366a56b	Passar para Erika Bateria	t	\N	2026-02-16 14:45:44.380941+00	112	\N	f	\N	\N	\N	0	\N	\N	a_fazer
97	c001e964-b57f-4709-a167-e8177366a56b	teste	f	\N	2026-05-20 13:05:11.40651+00	5	\N	f	\N	\N	\N	0	\N	\N	a_fazer
91	c001e964-b57f-4709-a167-e8177366a56b	Encomendar mais Manuais de Instalação	t	\N	2026-05-15 13:19:13.676301+00	2	\N	f	\N	\N	\N	0	\N	\N	a_fazer
94	c001e964-b57f-4709-a167-e8177366a56b	Fazer arte mecanicas	t	\N	2026-05-19 13:50:35.977133+00	2	\N	f	\N	\N	\N	0	\N	\N	a_fazer
95	c001e964-b57f-4709-a167-e8177366a56b	Continuar Sistema Financeiro	t	\N	2026-05-19 13:54:07.771284+00	2	\N	f	\N	\N	\N	0	\N	\N	a_fazer
174	7635b7c6-1dc9-4790-a6b0-cfb6921337da	- Escolher uma referencia visual de cores e estilo, e seguir essa referencia para o sistema de forma padronizada para todas as páginas	t	\N	2026-06-22 20:14:51.760356+00	\N	\N	f	1	\N	\N	3	\N	\N	a_fazer
51	c001e964-b57f-4709-a167-e8177366a56b	Configurar Impressora Comercial par Falk 3	t	\N	2026-02-11 17:40:36.135935+00	9	\N	f	\N	\N	\N	0	\N	\N	a_fazer
101	c001e964-b57f-4709-a167-e8177366a56b	mudar a cor 	f	\N	2026-06-17 14:33:02.0362+00	\N	\N	f	\N	\N	\N	0	\N	\N	a_fazer
86	c001e964-b57f-4709-a167-e8177366a56b	Atualizar Fluxo	f	\N	2026-05-14 14:04:41.880604+00	\N	\N	f	\N	\N	\N	0	\N	\N	a_fazer
61	c001e964-b57f-4709-a167-e8177366a56b	Esfregão Giratório	f	\N	2026-02-13 10:30:40.659493+00	73	\N	f	\N	\N	\N	0	\N	\N	a_fazer
40	c001e964-b57f-4709-a167-e8177366a56b	Atualizar Produtos do Sistema	f	\N	2026-02-10 13:30:55.723126+00	9	\N	f	\N	\N	\N	0	\N	\N	a_fazer
62	c001e964-b57f-4709-a167-e8177366a56b	Pastilhas Parede	f	\N	2026-02-13 10:30:51.164122+00	73	\N	f	\N	\N	\N	0	\N	\N	a_fazer
63	c001e964-b57f-4709-a167-e8177366a56b	Ajustar couro do Banco	f	\N	2026-02-13 10:31:17.469105+00	113	\N	f	\N	\N	\N	0	\N	\N	a_fazer
64	c001e964-b57f-4709-a167-e8177366a56b	Tirar foto cozinha e fazer simulação	f	\N	2026-02-13 10:31:30.464759+00	113	\N	f	\N	\N	\N	0	\N	\N	a_fazer
47	c001e964-b57f-4709-a167-e8177366a56b	Subir Vittrino para Napoleon	t	\N	2026-02-11 10:53:01.833854+00	10	\N	f	\N	\N	\N	0	\N	\N	a_fazer
46	c001e964-b57f-4709-a167-e8177366a56b	Atualizar senha - falcao@falcaorp	t	\N	2026-02-11 10:21:04.174869+00	9	\N	f	\N	\N	\N	0	\N	\N	a_fazer
55	c001e964-b57f-4709-a167-e8177366a56b	Enviar recado grupo, propósito	t	\N	2026-02-12 10:49:30.515266+00	112	\N	f	\N	\N	\N	0	\N	\N	a_fazer
50	c001e964-b57f-4709-a167-e8177366a56b	Pesquisar pagamento coletivo	f	\N	2026-02-11 14:17:15.77808+00	112	\N	f	\N	\N	\N	0	\N	\N	a_fazer
65	c001e964-b57f-4709-a167-e8177366a56b	Falar do propósito no grupo	t	\N	2026-02-13 10:32:44.094819+00	2	\N	f	\N	\N	\N	0	\N	\N	a_fazer
52	c001e964-b57f-4709-a167-e8177366a56b	Marcar Balanceamento	t	\N	2026-02-11 21:47:14.685982+00	1	2026-02-12 21:47:00+00	f	\N	\N	\N	0	\N	\N	a_fazer
77	c001e964-b57f-4709-a167-e8177366a56b	Mandar HOJE cotação do Matheus Strauss	t	\N	2026-03-03 13:24:37.539708+00	4	\N	f	\N	\N	\N	0	\N	\N	a_fazer
57	c001e964-b57f-4709-a167-e8177366a56b	Criardor de Sites Profissional por IA - https://www.aura.build/	f	\N	2026-02-12 14:13:20.507357+00	116	\N	f	\N	\N	\N	0	\N	\N	a_fazer
59	c001e964-b57f-4709-a167-e8177366a56b	Pagar Luz, Claro	t	\N	2026-02-13 10:29:21.70677+00	2	\N	f	\N	\N	\N	0	\N	\N	a_fazer
54	c001e964-b57f-4709-a167-e8177366a56b	Dicas Trae - https://www.youtube.com/watch?v=LUfSJeVJ7QA	f	\N	2026-02-12 10:47:40.303731+00	115	\N	f	\N	\N	\N	0	\N	\N	a_fazer
49	c001e964-b57f-4709-a167-e8177366a56b	Digitalizar Contrato de Compra e Venda para Salvar	f	\N	2026-02-11 13:21:52.054354+00	112	2026-02-14 10:27:00+00	f	\N	\N	\N	0	\N	\N	a_fazer
70	c001e964-b57f-4709-a167-e8177366a56b	Instalar Mega com Trae	t	\N	2026-02-18 12:46:33.453913+00	4	\N	f	\N	\N	\N	0	\N	\N	a_fazer
58	c001e964-b57f-4709-a167-e8177366a56b	Responder Alini	t	\N	2026-02-12 23:38:17.795077+00	2	\N	f	\N	\N	\N	0	\N	\N	a_fazer
34	c001e964-b57f-4709-a167-e8177366a56b	Ver Notebook Sansung para Levi ou para Edy	t	\N	2026-02-09 18:26:14.074788+00	\N	\N	f	\N	\N	\N	0	\N	\N	a_fazer
56	c001e964-b57f-4709-a167-e8177366a56b	Levar o Carro ao Alinhamento	t	\N	2026-02-12 12:49:42.687635+00	3	2026-02-12 15:16:00+00	f	\N	\N	\N	0	\N	\N	a_fazer
69	c001e964-b57f-4709-a167-e8177366a56b	Ver rota do Lucro	f	\N	2026-02-16 14:46:03.557955+00	112	\N	f	\N	\N	\N	0	\N	\N	a_fazer
66	c001e964-b57f-4709-a167-e8177366a56b	Perguntar para obreiro sobre jogos de verão	t	\N	2026-02-13 11:20:48.330996+00	2	\N	f	\N	\N	\N	0	\N	\N	a_fazer
43	c001e964-b57f-4709-a167-e8177366a56b	Verificar Plástico em baixo do carro	t	\N	2026-02-10 14:08:10.796241+00	3	\N	f	\N	\N	\N	0	\N	\N	a_fazer
37	c001e964-b57f-4709-a167-e8177366a56b	Preparar artes Caixas	t	\N	2026-02-10 13:06:12.622965+00	\N	\N	f	\N	\N	\N	0	\N	\N	a_fazer
33	c001e964-b57f-4709-a167-e8177366a56b	Renovar Domínios	t	\N	2026-02-06 19:38:07.910136+00	\N	\N	f	\N	\N	\N	0	\N	\N	a_fazer
42	c001e964-b57f-4709-a167-e8177366a56b	Verificar email do Supabase	t	\N	2026-02-10 13:42:36.448824+00	10	\N	f	\N	\N	\N	0	\N	\N	a_fazer
45	c001e964-b57f-4709-a167-e8177366a56b	Preparar Algo a Mais e EJ	t	\N	2026-02-11 00:03:53.632803+00	\N	\N	f	\N	\N	\N	0	\N	\N	a_fazer
72	c001e964-b57f-4709-a167-e8177366a56b	Remover encaminhamento de e-mail financeiro	t	\N	2026-02-26 14:35:58.567912+00	2	\N	f	\N	\N	\N	0	\N	\N	a_fazer
28	c001e964-b57f-4709-a167-e8177366a56b	Ver Switch Wifi	t	\N	2026-01-22 22:57:32.480223+00	\N	\N	f	\N	\N	\N	0	\N	\N	a_fazer
48	c001e964-b57f-4709-a167-e8177366a56b	Gerenciador de Tarefas - agrupar por períodos, criar anotações ou checklist, mostrar data no final, em andamento, ocultar os que tiverem dia marcado. Arrastar e soltar para outro bloco de tempo no dashboard. Tarefa atrasada volta a aparecer, não fez de manhã mostra a tarde, cadastrar tarefa já com data	f	\N	2026-02-11 10:55:42.828592+00	10	2026-02-11 10:56:00+00	f	\N	\N	\N	0	\N	\N	a_fazer
71	c001e964-b57f-4709-a167-e8177366a56b	Atualizar Pedidos	t	\N	2026-02-26 14:35:25.573331+00	2	\N	f	\N	\N	\N	0	\N	\N	a_fazer
44	c001e964-b57f-4709-a167-e8177366a56b	Colocar Fita na Catraca	t	\N	2026-02-10 14:08:29.678199+00	3	\N	f	\N	\N	\N	0	\N	\N	a_fazer
19	c001e964-b57f-4709-a167-e8177366a56b	Ir para a Academia	t	\N	2026-01-21 15:41:31.476545+00	3	2026-02-17 15:16:00+00	f	\N	\N	\N	0	\N	\N	a_fazer
76	c001e964-b57f-4709-a167-e8177366a56b	Pegar conta de água	f	\N	2026-02-28 15:18:17.944387+00	114	\N	f	\N	\N	\N	0	\N	\N	a_fazer
26	c001e964-b57f-4709-a167-e8177366a56b	Tarefa de Teste Noite	t	\N	2026-01-21 21:37:46.354183+00	\N	\N	f	\N	\N	\N	0	\N	\N	a_fazer
81	c001e964-b57f-4709-a167-e8177366a56b	Buscar por Academias	f	\N	2026-05-07 22:36:40.684571+00	3	\N	f	\N	\N	\N	0	\N	\N	a_fazer
75	c001e964-b57f-4709-a167-e8177366a56b	Visita Galpão	t	\N	2026-02-27 11:59:13.456225+00	2	2026-02-27 13:00:00+00	f	\N	\N	\N	0	\N	\N	a_fazer
74	c001e964-b57f-4709-a167-e8177366a56b	Falar com Djanildo	t	\N	2026-02-27 11:36:17.756767+00	2	\N	f	\N	\N	\N	0	\N	\N	a_fazer
83	c001e964-b57f-4709-a167-e8177366a56b	Marcar Consultas	f	\N	2026-05-14 14:00:11.897378+00	\N	\N	f	\N	\N	\N	0	\N	\N	a_fazer
84	c001e964-b57f-4709-a167-e8177366a56b	Pagar Contas	f	\N	2026-05-14 14:00:18.442878+00	\N	\N	f	\N	\N	\N	0	\N	\N	a_fazer
85	c001e964-b57f-4709-a167-e8177366a56b	Colocar espuma na chuteira	f	\N	2026-05-14 14:04:30.067419+00	\N	\N	f	\N	\N	\N	0	\N	\N	a_fazer
87	c001e964-b57f-4709-a167-e8177366a56b	Transferir Dzm	f	\N	2026-05-14 14:08:35.424505+00	\N	\N	f	\N	\N	\N	0	\N	\N	a_fazer
24	c001e964-b57f-4709-a167-e8177366a56b	Diário de um CEO	f	\N	2026-01-21 20:28:29.111602+00	115	\N	f	\N	\N	\N	0	\N	\N	a_fazer
96	c001e964-b57f-4709-a167-e8177366a56b	Comprar Capa Iphone	f	\N	2026-05-20 12:59:58.256177+00	3	\N	f	\N	\N	\N	0	\N	\N	a_fazer
79	c001e964-b57f-4709-a167-e8177366a56b	Meias Pretas	f	\N	2026-05-05 18:36:51.364637+00	73	\N	f	\N	\N	\N	0	\N	\N	a_fazer
328	ced63ad5-dc25-462d-9e4a-61322e1dc2a6	Testar Versão Mobile e ajustar o que for preciso	t	\N	2026-07-01 22:16:26.556816+00	\N	\N	f	74	\N	\N	21	\N	\N	concluida
53	c001e964-b57f-4709-a167-e8177366a56b	Marcar consultas	f	\N	2026-02-12 02:36:32.508677+00	4	\N	f	\N	\N	\N	0	\N	\N	a_fazer
30	c001e964-b57f-4709-a167-e8177366a56b	Ver contato Microondas	t	\N	2026-01-22 22:57:56.95554+00	\N	\N	f	\N	\N	\N	0	\N	\N	a_fazer
29	c001e964-b57f-4709-a167-e8177366a56b	Concluir Placa Comercial	t	\N	2026-01-22 22:57:45.898753+00	\N	\N	f	\N	\N	\N	0	\N	\N	a_fazer
92	c001e964-b57f-4709-a167-e8177366a56b	Renovar Office	f	\N	2026-05-15 17:37:24.877099+00	\N	\N	f	\N	\N	\N	0	\N	\N	a_fazer
80	c001e964-b57f-4709-a167-e8177366a56b	Extensor P2/P2	t	\N	2026-05-05 18:37:09.394421+00	3	\N	f	\N	\N	\N	0	\N	\N	a_fazer
90	c001e964-b57f-4709-a167-e8177366a56b	Contratar Claude Code	t	\N	2026-05-14 14:09:08.438362+00	\N	\N	f	\N	\N	\N	0	\N	\N	a_fazer
88	c001e964-b57f-4709-a167-e8177366a56b	Transferir Erk	t	\N	2026-05-14 14:08:47.975874+00	\N	\N	f	\N	\N	\N	0	\N	\N	a_fazer
89	c001e964-b57f-4709-a167-e8177366a56b	Mandar Valor Fut	t	\N	2026-05-14 14:09:00.352334+00	\N	\N	f	\N	\N	\N	0	\N	\N	a_fazer
82	c001e964-b57f-4709-a167-e8177366a56b	Ver com Sara sobre Assistente	t	\N	2026-05-14 13:59:41.977782+00	\N	\N	f	\N	\N	\N	0	\N	\N	a_fazer
93	c001e964-b57f-4709-a167-e8177366a56b	Pagar Claro	f	\N	2026-05-18 23:12:32.683757+00	\N	\N	f	\N	\N	\N	0	\N	\N	a_fazer
334	d639bc30-dfc3-4b50-b4ed-eeb25e81b70c	Ajajjs	f	\N	2026-07-02 13:21:52.916376+00	143	\N	f	\N	\N	\N	1	\N	\N	a_fazer
98	c001e964-b57f-4709-a167-e8177366a56b	Ver questão multa	f	\N	2026-05-22 20:00:45.211645+00	\N	\N	f	\N	\N	\N	0	\N	\N	a_fazer
99	c001e964-b57f-4709-a167-e8177366a56b	Pedir para o Michel prograrmar 	f	\N	2026-06-15 19:34:15.765418+00	\N	\N	f	\N	\N	\N	0	\N	\N	a_fazer
100	c001e964-b57f-4709-a167-e8177366a56b	Passar link para Sara	f	\N	2026-06-15 19:36:24.877128+00	\N	\N	f	\N	\N	\N	0	\N	\N	a_fazer
285	ced63ad5-dc25-462d-9e4a-61322e1dc2a6	Mais opções de Cores para os projetos	t	\N	2026-06-30 20:46:51.58686+00	\N	\N	f	74	\N	\N	14	\N	\N	concluida
351	7635b7c6-1dc9-4790-a6b0-cfb6921337da	Trocar a borda dos blocos/listas/projetos	t	\N	2026-07-03 13:43:01.549201+00	153	\N	f	\N	\N	\N	19	Em volta dos espaços tem uma borda cinza, trocar essa borda cinza para a mesma cor do espaço, se for laranja a borda precisa ser laranja, para ter contraste com a cor de fundo, o cinza não tem contraste com a cor de fundo.\nNo geral deixas as cores dos fundos mais claras ainda, todas elas, a ponto de ter contraste com o texto cinza, atualmente o texto cinza em cima do fundo colorido não tem contraste, fica estranho	\N	concluida
256	ced63ad5-dc25-462d-9e4a-61322e1dc2a6	Cores nos Blocos	t	\N	2026-06-24 13:35:30.072909+00	\N	\N	f	74	\N	\N	0	\N	\N	concluida
286	ced63ad5-dc25-462d-9e4a-61322e1dc2a6	Blocos de Tempo, na barra lateral, também precisam do icone < de esconder ou mostrar	t	\N	2026-06-30 20:47:32.286514+00	\N	\N	f	74	\N	\N	15	\N	\N	concluida
257	ced63ad5-dc25-462d-9e4a-61322e1dc2a6	Nas Categorias, opção de mostrar no Dashboard ou não mostrar por padrão, principalmente anotações	t	\N	2026-06-24 13:36:25.110654+00	\N	\N	f	74	\N	\N	1	\N	\N	concluida
260	ced63ad5-dc25-462d-9e4a-61322e1dc2a6	Não precisa gastar uma linha para escrever adicionar nova tarefa, 	t	\N	2026-06-24 13:55:09.590856+00	\N	\N	f	74	\N	\N	2	\N	\N	concluida
329	ced63ad5-dc25-462d-9e4a-61322e1dc2a6	Organização por prioridades	t	\N	2026-07-01 22:16:42.75185+00	\N	\N	f	74	\N	\N	22	Precisamos poder marcar um "!" nas tarefas prioritárias ou organizar de alguma forma, para sabermos qual a ordem de prioridade das tarefas\n	\N	concluida
325	ced63ad5-dc25-462d-9e4a-61322e1dc2a6	Bloco caixa de entrada no Dashboard	t	\N	2026-07-01 21:35:56.025171+00	\N	\N	f	74	\N	\N	19	No Dashboard, temeos que ter a opção de simplesmente criar uma tarefa, sem escolher bloco ou data, ou qualquer informação, simplesmente criarmos uma tarefa com 1 click e ela vai ficar lá solta na caixa de entrada. Quando eu quiser, eu vou lá e direciono para algum bloco de tempo, senão ela continua na caixa de entrada. é um espaço para tarefas não direcionadas ainda\n	\N	concluida
287	ced63ad5-dc25-462d-9e4a-61322e1dc2a6	A escolhar de Mostrar tarefas concluídas ou não precisa ficar salva	t	\N	2026-06-30 20:48:31.765395+00	\N	\N	f	74	\N	\N	16	\N	\N	concluida
280	ced63ad5-dc25-462d-9e4a-61322e1dc2a6	Opção e alterar nome da Organização	t	\N	2026-06-30 20:41:13.420689+00	\N	\N	f	74	\N	\N	12	\N	\N	concluida
180	7635b7c6-1dc9-4790-a6b0-cfb6921337da	A função de arrastar / soltar aparentemente está funcionando, mas precisa visualmente ser mais bonita e precisa, melhorar essa função	t	\N	2026-06-22 20:30:17.264459+00	\N	\N	f	1	\N	\N	2	\N	\N	a_fazer
175	7635b7c6-1dc9-4790-a6b0-cfb6921337da	- Voltar a mostrar ícones na barra do lado esquerdo para todos os itens e blocos de tempo	t	\N	2026-06-22 20:14:56.294642+00	\N	\N	f	1	\N	\N	4	\N	\N	a_fazer
288	ced63ad5-dc25-462d-9e4a-61322e1dc2a6	Salvar Logos ID Modelle na pasta	f	\N	2026-06-30 20:58:28.309408+00	\N	\N	f	72	\N	\N	3	\N	\N	a_fazer
281	ced63ad5-dc25-462d-9e4a-61322e1dc2a6	Trocar nome de "Organização" para "Pasta"	t	\N	2026-06-30 20:41:27.545091+00	\N	\N	f	74	\N	\N	13	\N	\N	concluida
176	7635b7c6-1dc9-4790-a6b0-cfb6921337da	- Verificar e testar opção de instalação do Aplicativo em PWA	t	\N	2026-06-22 20:15:00.336676+00	\N	\N	f	1	\N	\N	5	\N	\N	a_fazer
178	7635b7c6-1dc9-4790-a6b0-cfb6921337da	Mostrar na parte superior esquerda o nome do usuário logado	t	\N	2026-06-22 20:15:42.392839+00	\N	\N	f	1	\N	\N	7	\N	\N	a_fazer
215	c001e964-b57f-4709-a167-e8177366a56b	criar uma parte para colocar o nome do usuario, e ao invez do rostinho com email colocar uma bolinha com as iniciais do email	t	\N	2026-06-23 13:35:22.919617+00	\N	\N	f	1	\N	\N	8	\N	\N	a_fazer
219	c001e964-b57f-4709-a167-e8177366a56b	Enter para logar no sistema após digitar os dados	t	\N	2026-06-23 14:58:15.064329+00	\N	\N	f	1	\N	\N	9	\N	\N	a_fazer
344	ced63ad5-dc25-462d-9e4a-61322e1dc2a6	Ver Designer	f	\N	2026-07-03 13:09:21.604576+00	\N	\N	f	72	8	\N	0	\N	\N	a_fazer
346	ced63ad5-dc25-462d-9e4a-61322e1dc2a6	Workshop	f	\N	2026-07-03 13:09:40.332863+00	\N	\N	f	72	8	\N	2	\N	\N	a_fazer
259	ced63ad5-dc25-462d-9e4a-61322e1dc2a6	Analisar skills do Claude	t	\N	2026-06-24 13:54:09.617816+00	140	\N	f	\N	\N	\N	3	\N	\N	a_fazer
354	ced63ad5-dc25-462d-9e4a-61322e1dc2a6	Preparar a migração para o BD no Brasil	f	\N	2026-07-03 14:29:55.240912+00	\N	\N	f	74	\N	\N	25	\N	\N	a_fazer
252	ced63ad5-dc25-462d-9e4a-61322e1dc2a6	Ver questão de produtos - Bryam	t	\N	2026-06-24 13:26:43.445019+00	\N	\N	f	72	\N	\N	1	\N	\N	concluida
348	ced63ad5-dc25-462d-9e4a-61322e1dc2a6	Visão de Equipe para Esdras e Henrique	f	\N	2026-07-03 13:18:08.59965+00	\N	\N	f	72	9	\N	1	\N	\N	a_fazer
255	ced63ad5-dc25-462d-9e4a-61322e1dc2a6	Pagar Notredame	t	\N	2026-06-24 13:34:50.113948+00	141	\N	f	\N	\N	\N	0	\N	\N	a_fazer
341	ced63ad5-dc25-462d-9e4a-61322e1dc2a6	Se não tem nenhuma pasta no projeto, não tem botão para criar pasta, tenta criar um projeto do zero pra ver	t	\N	2026-07-03 12:58:22.891862+00	\N	\N	f	74	\N	\N	23	Só da para criar pasta depois que já existe a primeira pasta ou a primeira tarefa\n	\N	concluida
240	c001e964-b57f-4709-a167-e8177366a56b	Tarefa teste	f	\N	2026-06-23 22:59:42.256528+00	73	\N	f	\N	\N	2026-06-23	1	\N	\N	a_fazer
241	c001e964-b57f-4709-a167-e8177366a56b	Lembrar de dar água para o peixe	f	\N	2026-06-23 23:03:10.331223+00	3	\N	f	\N	\N	2026-06-24	16	\N	\N	a_fazer
177	7635b7c6-1dc9-4790-a6b0-cfb6921337da	- Colar lista de tarefas e serem criadas vários itens	t	\N	2026-06-22 20:15:04.663841+00	\N	\N	f	1	\N	\N	6	\N	alta	concluida
323	7635b7c6-1dc9-4790-a6b0-cfb6921337da	colocar fundo branco no backgraund	t	\N	2026-07-01 21:04:22.936743+00	\N	\N	f	74	\N	\N	18	\N	\N	concluida
220	c001e964-b57f-4709-a167-e8177366a56b	O Botão para criar nova tarefa aqui na parte de baixo da organização sumiu	t	\N	2026-06-23 17:02:09.468974+00	\N	\N	f	1	\N	\N	11	teste de descrição\naaaaaaaaaaaaaaaas\n	\N	concluida
258	ced63ad5-dc25-462d-9e4a-61322e1dc2a6	Notificações para Novos Pedidos	t	\N	2026-06-24 13:48:58.516459+00	\N	\N	f	72	\N	\N	2	\N	\N	concluida
324	ced63ad5-dc25-462d-9e4a-61322e1dc2a6	Continuar página de dados	t	\N	2026-07-01 21:31:41.965137+00	\N	\N	f	1	\N	\N	12	Não apenas logs, mas dados, dados de usuários, o que fez, para podermos clicar em um usuário e vermos o quais as últimas ações dele dentro do sistema. Para vermos um log de todas as ações relacionadas a pedidos. Creio que uma parte para Acessos (logins, ips, localizações, horários de login), outra para Usuários (informações sobre as atividades de cada usuário) e outra para Pedidos (todos os logs e movimentações de pedidos, edição, troca de status, setor, etc)	\N	concluida
251	ced63ad5-dc25-462d-9e4a-61322e1dc2a6	Colocar Dashboard para Higor	f	\N	2026-06-24 13:26:42.834113+00	\N	\N	f	72	\N	\N	0	\N	\N	a_fazer
345	ced63ad5-dc25-462d-9e4a-61322e1dc2a6	Ver Garantia PCs	f	\N	2026-07-03 13:09:35.442043+00	\N	\N	f	72	8	\N	1	\N	\N	a_fazer
349	ced63ad5-dc25-462d-9e4a-61322e1dc2a6	Visão de Disputa e metas de equipes e gerentes	f	\N	2026-07-03 13:18:27.903754+00	\N	\N	f	72	9	\N	2	\N	\N	a_fazer
352	ced63ad5-dc25-462d-9e4a-61322e1dc2a6	Marcar Exames	f	\N	2026-07-03 14:02:42.826088+00	\N	\N	f	75	\N	\N	0	\N	\N	a_fazer
355	ced63ad5-dc25-462d-9e4a-61322e1dc2a6	Imprimir Exames para Segunda	f	\N	2026-07-03 18:00:28.395427+00	\N	\N	f	\N	\N	\N	26	\N	\N	a_fazer
342	ced63ad5-dc25-462d-9e4a-61322e1dc2a6	Mesmo que não existe nenhuma tarefa, precisamos ver as pastas, ainda que sejam vazias	f	\N	2026-07-03 12:59:23.750735+00	\N	\N	f	74	\N	\N	24	\N	\N	a_fazer
330	ced63ad5-dc25-462d-9e4a-61322e1dc2a6	Criar email Bruno	f	\N	2026-07-01 22:20:38.791218+00	\N	\N	f	72	\N	\N	4	\N	\N	a_fazer
327	ced63ad5-dc25-462d-9e4a-61322e1dc2a6	Ter mais opções de Filtros e organização	t	\N	2026-07-01 22:13:44.552247+00	\N	\N	f	74	\N	\N	20	Na parte de cima,\n- mostrar só minhas tarefas\n- mostrar só blocos de tempo\n- dar opção de mostrar ou ocultar todos os blocos, para eu escolher quais blocos eu quero ver\n\nMas todas essas personalizações precisam ficar salvas, quando eu deslogar e logar novamente quero ver exatamente como eu deixei quando ajustei\n	\N	concluida
326	ced63ad5-dc25-462d-9e4a-61322e1dc2a6	Criar Sistema administrador de Logins	t	\N	2026-07-01 22:00:53.940387+00	\N	\N	f	1	\N	\N	13	Cada usuário terá sua própria senha, porém quero poder como \nAdministrador acessar o sistema através do login de qualquer usuário, sem ter que ter a senha dele. A primeira ideia seria, Usuários admnistradores, tem a opção de logar com outro usuário, por exemplo, eu logo como Mario, mas vou em confiurações e tenho a opção Logar como outro usuário/ Aí eu seleciono Esdras, e o sistema desloga e loga novamente com o usuário Esdras, sem eu precisar colocar uma senha. Se isso não for viável ele pode me dar uma senha temporária, eu copio, ele desloga e depois eu logo com o usuário Esdras e com a senha temporária. Outra forma seria eu poder ter a visão de qualquer usuário, sem precisar deslogar do sistema, acredito que essa seja a melhor e mais viável. Por exemplo "Modo Visão" eu escolho o usuário Michel e tenho exatamente a visão do usuário Michel, como se estivesse logado na conta dele, se eu gerar um pedido, ele será do Michel pois é como se ele tivesse logado. Verificar com o Agente a melhor e mais viável possibilidade 	media	concluida
347	ced63ad5-dc25-462d-9e4a-61322e1dc2a6	Tartaruga só para quem não vendeu nada	f	\N	2026-07-03 13:11:02.72406+00	\N	\N	f	72	9	\N	0	\N	\N	a_fazer
350	ced63ad5-dc25-462d-9e4a-61322e1dc2a6	Ver icone Catalogo que não funciona no Mobile	f	\N	2026-07-03 13:26:31.721802+00	\N	\N	f	72	\N	\N	5	\N	\N	a_fazer
353	ced63ad5-dc25-462d-9e4a-61322e1dc2a6	Trocar direcionamento email do Atendimento	f	\N	2026-07-03 14:29:35.333496+00	\N	\N	f	72	\N	\N	6	\N	\N	a_fazer
343	ced63ad5-dc25-462d-9e4a-61322e1dc2a6	Criar email do Gmail para Bruno Moura	t	\N	2026-07-03 13:00:11.598877+00	\N	\N	f	1	7	\N	0	bruno.moura.ftk@gmail.com\nBrua@FT2020\n02/02/1993\ntecnoogia@falcontruck.com.br\n	media	concluida
356	ced63ad5-dc25-462d-9e4a-61322e1dc2a6	Exame 9:40 - sair 8:45 no máximo	f	\N	2026-07-03 18:01:10.477833+00	\N	\N	f	\N	\N	2026-07-06	27	\N	\N	a_fazer
\.


--
-- Data for Name: task_view_groups; Type: TABLE DATA; Schema: public; Owner: -
--

COPY public.task_view_groups (id, task_id, view_group_id, created_at) FROM stdin;
113	343	153	2026-07-03 14:37:21.154433+00
114	341	154	2026-07-03 17:59:05.085638+00
115	342	154	2026-07-03 17:59:08.614915+00
116	354	154	2026-07-03 17:59:11.711194+00
32	252	136	2026-06-24 13:29:42.618255+00
33	251	136	2026-06-24 13:29:51.643411+00
\.


--
-- Data for Name: todo_groups; Type: TABLE DATA; Schema: public; Owner: -
--

COPY public.todo_groups (id, todo_id, group_id, user_id, created_at) FROM stdin;
3	19	3	c001e964-b57f-4709-a167-e8177366a56b	2026-01-21 18:16:19.422331+00
7	24	8	c001e964-b57f-4709-a167-e8177366a56b	2026-01-21 20:28:29.479652+00
13	26	5	c001e964-b57f-4709-a167-e8177366a56b	2026-01-21 21:37:46.354183+00
31	28	9	c001e964-b57f-4709-a167-e8177366a56b	2026-01-22 22:57:32.821766+00
32	29	9	c001e964-b57f-4709-a167-e8177366a56b	2026-01-22 22:57:46.141479+00
33	30	9	c001e964-b57f-4709-a167-e8177366a56b	2026-01-22 22:57:57.186588+00
35	33	2	c001e964-b57f-4709-a167-e8177366a56b	2026-02-06 19:38:08.23929+00
37	37	9	c001e964-b57f-4709-a167-e8177366a56b	2026-02-10 13:08:58.385998+00
39	42	10	c001e964-b57f-4709-a167-e8177366a56b	2026-02-10 13:42:36.955529+00
40	42	2	c001e964-b57f-4709-a167-e8177366a56b	2026-02-10 13:42:47.680256+00
41	40	9	c001e964-b57f-4709-a167-e8177366a56b	2026-02-10 13:47:26.518256+00
42	34	9	c001e964-b57f-4709-a167-e8177366a56b	2026-02-10 13:47:32.480642+00
43	43	3	c001e964-b57f-4709-a167-e8177366a56b	2026-02-10 14:08:11.116875+00
44	44	3	c001e964-b57f-4709-a167-e8177366a56b	2026-02-10 14:08:29.944507+00
45	45	1	c001e964-b57f-4709-a167-e8177366a56b	2026-02-11 00:03:53.946475+00
46	46	9	c001e964-b57f-4709-a167-e8177366a56b	2026-02-11 10:21:05.101942+00
47	47	10	c001e964-b57f-4709-a167-e8177366a56b	2026-02-11 10:53:02.188395+00
48	47	2	c001e964-b57f-4709-a167-e8177366a56b	2026-02-11 10:53:48.813651+00
49	46	2	c001e964-b57f-4709-a167-e8177366a56b	2026-02-11 10:54:11.457805+00
50	34	2	c001e964-b57f-4709-a167-e8177366a56b	2026-02-11 10:54:43.473815+00
51	37	2	c001e964-b57f-4709-a167-e8177366a56b	2026-02-11 10:54:49.247743+00
52	48	10	c001e964-b57f-4709-a167-e8177366a56b	2026-02-11 10:55:43.2098+00
53	49	112	c001e964-b57f-4709-a167-e8177366a56b	2026-02-11 13:21:52.362302+00
54	49	1	c001e964-b57f-4709-a167-e8177366a56b	2026-02-11 13:21:56.757346+00
55	50	112	c001e964-b57f-4709-a167-e8177366a56b	2026-02-11 14:17:16.093685+00
56	51	9	c001e964-b57f-4709-a167-e8177366a56b	2026-02-11 17:40:36.615952+00
57	52	1	c001e964-b57f-4709-a167-e8177366a56b	2026-02-11 21:47:15.013159+00
58	54	115	c001e964-b57f-4709-a167-e8177366a56b	2026-02-12 10:47:40.687355+00
59	55	112	c001e964-b57f-4709-a167-e8177366a56b	2026-02-12 10:49:30.879964+00
60	56	3	c001e964-b57f-4709-a167-e8177366a56b	2026-02-12 12:49:43.003039+00
61	57	116	c001e964-b57f-4709-a167-e8177366a56b	2026-02-12 14:13:20.827751+00
62	58	2	c001e964-b57f-4709-a167-e8177366a56b	2026-02-12 23:38:18.140334+00
63	59	2	c001e964-b57f-4709-a167-e8177366a56b	2026-02-13 10:29:22.080687+00
64	60	113	c001e964-b57f-4709-a167-e8177366a56b	2026-02-13 10:29:50.492612+00
65	61	73	c001e964-b57f-4709-a167-e8177366a56b	2026-02-13 10:30:41.022441+00
66	62	73	c001e964-b57f-4709-a167-e8177366a56b	2026-02-13 10:30:51.481543+00
67	63	113	c001e964-b57f-4709-a167-e8177366a56b	2026-02-13 10:31:17.848277+00
68	64	113	c001e964-b57f-4709-a167-e8177366a56b	2026-02-13 10:31:30.778077+00
69	65	2	c001e964-b57f-4709-a167-e8177366a56b	2026-02-13 10:32:44.598866+00
70	66	2	c001e964-b57f-4709-a167-e8177366a56b	2026-02-13 11:20:48.679304+00
71	43	113	c001e964-b57f-4709-a167-e8177366a56b	2026-02-13 19:28:59.477066+00
72	67	112	c001e964-b57f-4709-a167-e8177366a56b	2026-02-16 14:45:03.852493+00
73	68	112	c001e964-b57f-4709-a167-e8177366a56b	2026-02-16 14:45:44.6609+00
74	69	112	c001e964-b57f-4709-a167-e8177366a56b	2026-02-16 14:46:03.860128+00
75	70	4	c001e964-b57f-4709-a167-e8177366a56b	2026-02-18 12:46:33.745777+00
76	71	2	c001e964-b57f-4709-a167-e8177366a56b	2026-02-26 14:35:25.895392+00
77	72	2	c001e964-b57f-4709-a167-e8177366a56b	2026-02-26 14:35:58.822295+00
78	73	1	c001e964-b57f-4709-a167-e8177366a56b	2026-02-26 14:36:29.874099+00
79	74	2	c001e964-b57f-4709-a167-e8177366a56b	2026-02-27 11:36:18.128522+00
80	75	2	c001e964-b57f-4709-a167-e8177366a56b	2026-02-27 11:59:13.957454+00
81	76	114	c001e964-b57f-4709-a167-e8177366a56b	2026-02-28 15:18:18.381044+00
82	77	4	c001e964-b57f-4709-a167-e8177366a56b	2026-03-03 13:24:37.864151+00
\.


--
-- Data for Name: messages_2026_06_30; Type: TABLE DATA; Schema: realtime; Owner: -
--

COPY realtime.messages_2026_06_30 (topic, extension, payload, event, private, updated_at, inserted_at, id, binary_payload) FROM stdin;
\.


--
-- Data for Name: messages_2026_07_01; Type: TABLE DATA; Schema: realtime; Owner: -
--

COPY realtime.messages_2026_07_01 (topic, extension, payload, event, private, updated_at, inserted_at, id, binary_payload) FROM stdin;
\.


--
-- Data for Name: messages_2026_07_02; Type: TABLE DATA; Schema: realtime; Owner: -
--

COPY realtime.messages_2026_07_02 (topic, extension, payload, event, private, updated_at, inserted_at, id, binary_payload) FROM stdin;
\.


--
-- Data for Name: messages_2026_07_03; Type: TABLE DATA; Schema: realtime; Owner: -
--

COPY realtime.messages_2026_07_03 (topic, extension, payload, event, private, updated_at, inserted_at, id, binary_payload) FROM stdin;
\.


--
-- Data for Name: messages_2026_07_04; Type: TABLE DATA; Schema: realtime; Owner: -
--

COPY realtime.messages_2026_07_04 (topic, extension, payload, event, private, updated_at, inserted_at, id, binary_payload) FROM stdin;
\.


--
-- Data for Name: messages_2026_07_05; Type: TABLE DATA; Schema: realtime; Owner: -
--

COPY realtime.messages_2026_07_05 (topic, extension, payload, event, private, updated_at, inserted_at, id, binary_payload) FROM stdin;
\.


--
-- Data for Name: messages_2026_07_06; Type: TABLE DATA; Schema: realtime; Owner: -
--

COPY realtime.messages_2026_07_06 (topic, extension, payload, event, private, updated_at, inserted_at, id, binary_payload) FROM stdin;
\.


--
-- Data for Name: schema_migrations; Type: TABLE DATA; Schema: realtime; Owner: -
--

COPY realtime.schema_migrations (version, inserted_at) FROM stdin;
20211116024918	2026-01-12 19:48:51
20211116045059	2026-01-12 19:48:52
20211116050929	2026-01-12 19:48:52
20211116051442	2026-01-12 19:48:52
20211116212300	2026-01-12 19:48:52
20211116213355	2026-01-12 19:48:52
20211116213934	2026-01-12 19:48:53
20211116214523	2026-01-12 19:48:53
20211122062447	2026-01-12 19:48:53
20211124070109	2026-01-12 19:48:53
20211202204204	2026-01-12 19:48:54
20211202204605	2026-01-12 19:48:54
20211210212804	2026-01-12 19:48:54
20211228014915	2026-01-12 19:48:55
20220107221237	2026-01-12 19:48:55
20220228202821	2026-01-12 19:48:55
20220312004840	2026-01-12 19:48:55
20220603231003	2026-01-12 19:48:55
20220603232444	2026-01-12 19:48:56
20220615214548	2026-01-12 19:48:56
20220712093339	2026-01-12 19:48:56
20220908172859	2026-01-12 19:48:56
20220916233421	2026-01-12 19:48:57
20230119133233	2026-01-12 19:48:57
20230128025114	2026-01-12 19:48:57
20230128025212	2026-01-12 19:48:57
20230227211149	2026-01-12 19:48:57
20230228184745	2026-01-12 19:48:58
20230308225145	2026-01-12 19:48:58
20230328144023	2026-01-12 19:48:58
20231018144023	2026-01-12 19:48:58
20231204144023	2026-01-12 19:48:59
20231204144024	2026-01-12 19:48:59
20231204144025	2026-01-12 19:48:59
20240108234812	2026-01-12 19:48:59
20240109165339	2026-01-12 19:48:59
20240227174441	2026-01-12 19:49:00
20240311171622	2026-01-12 19:49:00
20240321100241	2026-01-12 19:49:00
20240401105812	2026-01-12 19:49:01
20240418121054	2026-01-12 19:49:01
20240523004032	2026-01-12 19:49:02
20240618124746	2026-01-12 19:49:02
20240801235015	2026-01-12 19:49:02
20240805133720	2026-01-12 19:49:03
20240827160934	2026-01-12 19:49:03
20240919163303	2026-01-12 19:49:03
20240919163305	2026-01-12 19:49:03
20241019105805	2026-01-12 19:49:03
20241030150047	2026-01-12 19:49:04
20241108114728	2026-01-12 19:49:04
20241121104152	2026-01-12 19:49:05
20241130184212	2026-01-12 19:49:05
20241220035512	2026-01-12 19:49:05
20241220123912	2026-01-12 19:49:05
20241224161212	2026-01-12 19:49:06
20250107150512	2026-01-12 19:49:06
20250110162412	2026-01-12 19:49:06
20250123174212	2026-01-12 19:49:06
20250128220012	2026-01-12 19:49:06
20250506224012	2026-01-12 19:49:06
20250523164012	2026-01-12 19:49:07
20250714121412	2026-01-12 19:49:07
20250905041441	2026-01-12 19:49:07
20251103001201	2026-01-12 19:49:07
20251120212548	2026-02-04 21:20:44
20251120215549	2026-02-04 21:20:44
20260218120000	2026-06-08 21:51:07
20260326120000	2026-06-08 21:51:07
20260514120000	2026-06-08 21:51:08
20260527120000	2026-06-08 21:51:08
20260528120000	2026-06-08 21:51:09
20260603120000	2026-06-08 21:51:09
20260605120000	2026-06-16 13:29:50
20260606110000	2026-06-16 13:29:51
20260616120000	2026-06-24 23:10:26
20260624120000	2026-06-25 00:10:18
20260626120000	2026-07-02 10:11:17
\.


--
-- Data for Name: subscription; Type: TABLE DATA; Schema: realtime; Owner: -
--

COPY realtime.subscription (id, subscription_id, entity, filters, claims, created_at, action_filter, selected_columns) FROM stdin;
\.


--
-- Data for Name: buckets; Type: TABLE DATA; Schema: storage; Owner: -
--

COPY storage.buckets (id, name, owner, created_at, updated_at, public, avif_autodetection, file_size_limit, allowed_mime_types, owner_id, type) FROM stdin;
\.


--
-- Data for Name: buckets_analytics; Type: TABLE DATA; Schema: storage; Owner: -
--

COPY storage.buckets_analytics (name, type, format, created_at, updated_at, id, deleted_at) FROM stdin;
\.


--
-- Data for Name: buckets_vectors; Type: TABLE DATA; Schema: storage; Owner: -
--

COPY storage.buckets_vectors (id, type, created_at, updated_at) FROM stdin;
\.


--
-- Data for Name: migrations; Type: TABLE DATA; Schema: storage; Owner: -
--

COPY storage.migrations (id, name, hash, executed_at) FROM stdin;
0	create-migrations-table	e18db593bcde2aca2a408c4d1100f6abba2195df	2026-01-12 19:48:53.386037
1	initialmigration	6ab16121fbaa08bbd11b712d05f358f9b555d777	2026-01-12 19:48:53.393819
3	pathtoken-column	2cb1b0004b817b29d5b0a971af16bafeede4b70d	2026-01-12 19:48:53.418987
4	add-migrations-rls	427c5b63fe1c5937495d9c635c263ee7a5905058	2026-01-12 19:48:53.469423
5	add-size-functions	79e081a1455b63666c1294a440f8ad4b1e6a7f84	2026-01-12 19:48:53.472414
7	add-rls-to-buckets	e7e7f86adbc51049f341dfe8d30256c1abca17aa	2026-01-12 19:48:53.47884
8	add-public-to-buckets	fd670db39ed65f9d08b01db09d6202503ca2bab3	2026-01-12 19:48:53.481787
11	add-trigger-to-auto-update-updated_at-column	7425bdb14366d1739fa8a18c83100636d74dcaa2	2026-01-12 19:48:53.490365
12	add-automatic-avif-detection-flag	8e92e1266eb29518b6a4c5313ab8f29dd0d08df9	2026-01-12 19:48:53.493531
13	add-bucket-custom-limits	cce962054138135cd9a8c4bcd531598684b25e7d	2026-01-12 19:48:53.496216
14	use-bytes-for-max-size	941c41b346f9802b411f06f30e972ad4744dad27	2026-01-12 19:48:53.500183
15	add-can-insert-object-function	934146bc38ead475f4ef4b555c524ee5d66799e5	2026-01-12 19:48:53.519282
16	add-version	76debf38d3fd07dcfc747ca49096457d95b1221b	2026-01-12 19:48:53.523103
17	drop-owner-foreign-key	f1cbb288f1b7a4c1eb8c38504b80ae2a0153d101	2026-01-12 19:48:53.525838
18	add_owner_id_column_deprecate_owner	e7a511b379110b08e2f214be852c35414749fe66	2026-01-12 19:48:53.528423
19	alter-default-value-objects-id	02e5e22a78626187e00d173dc45f58fa66a4f043	2026-01-12 19:48:53.532073
20	list-objects-with-delimiter	cd694ae708e51ba82bf012bba00caf4f3b6393b7	2026-01-12 19:48:53.534898
21	s3-multipart-uploads	8c804d4a566c40cd1e4cc5b3725a664a9303657f	2026-01-12 19:48:53.539533
22	s3-multipart-uploads-big-ints	9737dc258d2397953c9953d9b86920b8be0cdb73	2026-01-12 19:48:53.553522
23	optimize-search-function	9d7e604cddc4b56a5422dc68c9313f4a1b6f132c	2026-01-12 19:48:53.564932
24	operation-function	8312e37c2bf9e76bbe841aa5fda889206d2bf8aa	2026-01-12 19:48:53.568064
25	custom-metadata	d974c6057c3db1c1f847afa0e291e6165693b990	2026-01-12 19:48:53.571481
37	add-bucket-name-length-trigger	3944135b4e3e8b22d6d4cbb568fe3b0b51df15c1	2026-01-12 19:48:53.899379
44	vector-bucket-type	99c20c0ffd52bb1ff1f32fb992f3b351e3ef8fb3	2026-01-12 19:48:53.931823
45	vector-buckets	049e27196d77a7cb76497a85afae669d8b230953	2026-01-12 19:48:53.934882
46	buckets-objects-grants	fedeb96d60fefd8e02ab3ded9fbde05632f84aed	2026-01-12 19:48:53.944957
47	iceberg-table-metadata	649df56855c24d8b36dd4cc1aeb8251aa9ad42c2	2026-01-12 19:48:53.948573
49	buckets-objects-grants-postgres	072b1195d0d5a2f888af6b2302a1938dd94b8b3d	2026-01-12 19:48:53.964321
2	storage-schema	f6a1fa2c93cbcd16d4e487b362e45fca157a8dbd	2026-01-12 19:48:53.399836
6	change-column-name-in-get-size	ded78e2f1b5d7e616117897e6443a925965b30d2	2026-01-12 19:48:53.475622
9	fix-search-function	af597a1b590c70519b464a4ab3be54490712796b	2026-01-12 19:48:53.484383
10	search-files-search-function	b595f05e92f7e91211af1bbfe9c6a13bb3391e16	2026-01-12 19:48:53.487218
26	objects-prefixes	215cabcb7f78121892a5a2037a09fedf9a1ae322	2026-01-12 19:48:53.574445
27	search-v2	859ba38092ac96eb3964d83bf53ccc0b141663a6	2026-01-12 19:48:53.587324
28	object-bucket-name-sorting	c73a2b5b5d4041e39705814fd3a1b95502d38ce4	2026-01-12 19:48:53.809786
29	create-prefixes	ad2c1207f76703d11a9f9007f821620017a66c21	2026-01-12 19:48:53.814042
30	update-object-levels	2be814ff05c8252fdfdc7cfb4b7f5c7e17f0bed6	2026-01-12 19:48:53.818585
31	objects-level-index	b40367c14c3440ec75f19bbce2d71e914ddd3da0	2026-01-12 19:48:53.869107
32	backward-compatible-index-on-objects	e0c37182b0f7aee3efd823298fb3c76f1042c0f7	2026-01-12 19:48:53.876337
33	backward-compatible-index-on-prefixes	b480e99ed951e0900f033ec4eb34b5bdcb4e3d49	2026-01-12 19:48:53.88327
34	optimize-search-function-v1	ca80a3dc7bfef894df17108785ce29a7fc8ee456	2026-01-12 19:48:53.884797
35	add-insert-trigger-prefixes	458fe0ffd07ec53f5e3ce9df51bfdf4861929ccc	2026-01-12 19:48:53.890156
36	optimise-existing-functions	6ae5fca6af5c55abe95369cd4f93985d1814ca8f	2026-01-12 19:48:53.89349
38	iceberg-catalog-flag-on-buckets	02716b81ceec9705aed84aa1501657095b32e5c5	2026-01-12 19:48:53.902518
39	add-search-v2-sort-support	6706c5f2928846abee18461279799ad12b279b78	2026-01-12 19:48:53.910151
40	fix-prefix-race-conditions-optimized	7ad69982ae2d372b21f48fc4829ae9752c518f6b	2026-01-12 19:48:53.913455
41	add-object-level-update-trigger	07fcf1a22165849b7a029deed059ffcde08d1ae0	2026-01-12 19:48:53.919689
42	rollback-prefix-triggers	771479077764adc09e2ea2043eb627503c034cd4	2026-01-12 19:48:53.92321
43	fix-object-level	84b35d6caca9d937478ad8a797491f38b8c2979f	2026-01-12 19:48:53.927834
48	iceberg-catalog-ids	e0e8b460c609b9999ccd0df9ad14294613eed939	2026-01-12 19:48:53.951262
50	search-v2-optimised	6323ac4f850aa14e7387eb32102869578b5bd478	2026-02-10 23:30:18.362694
51	index-backward-compatible-search	2ee395d433f76e38bcd3856debaf6e0e5b674011	2026-02-10 23:30:18.515835
52	drop-not-used-indexes-and-functions	5cc44c8696749ac11dd0dc37f2a3802075f3a171	2026-02-10 23:30:18.517003
53	drop-index-lower-name	d0cb18777d9e2a98ebe0bc5cc7a42e57ebe41854	2026-02-10 23:30:18.765964
54	drop-index-object-level	6289e048b1472da17c31a7eba1ded625a6457e67	2026-02-10 23:30:18.767765
55	prevent-direct-deletes	262a4798d5e0f2e7c8970232e03ce8be695d5819	2026-02-10 23:30:18.768969
57	s3-multipart-uploads-metadata	f127886e00d1b374fadbc7c6b31e09336aad5287	2026-05-05 14:31:34.596597
58	operation-ergonomics	00ca5d483b3fe0d522133d9002ccc5df98365120	2026-05-05 14:31:34.619066
56	fix-optimized-search-function	b823ed1e418101032fa01374edc9a436e54e3ed4	2026-02-10 23:30:18.777401
59	drop-unused-functions	38456f13e39691c2bbb4b5151d0d1cdbabd4a8c4	2026-05-22 17:03:33.893138
60	optimize-existing-functions-again	db35e1c91a9201e59f4fef8d972c2f277d68b157	2026-05-22 17:03:33.922188
\.


--
-- Data for Name: objects; Type: TABLE DATA; Schema: storage; Owner: -
--

COPY storage.objects (id, bucket_id, name, owner, created_at, updated_at, last_accessed_at, metadata, version, owner_id, user_metadata) FROM stdin;
\.


--
-- Data for Name: s3_multipart_uploads; Type: TABLE DATA; Schema: storage; Owner: -
--

COPY storage.s3_multipart_uploads (id, in_progress_size, upload_signature, bucket_id, key, version, owner_id, created_at, user_metadata, metadata) FROM stdin;
\.


--
-- Data for Name: s3_multipart_uploads_parts; Type: TABLE DATA; Schema: storage; Owner: -
--

COPY storage.s3_multipart_uploads_parts (id, upload_id, size, part_number, bucket_id, key, etag, owner_id, version, created_at) FROM stdin;
\.


--
-- Data for Name: vector_indexes; Type: TABLE DATA; Schema: storage; Owner: -
--

COPY storage.vector_indexes (id, name, bucket_id, data_type, dimension, distance_metric, metadata_configuration, created_at, updated_at) FROM stdin;
\.


--
-- Data for Name: schema_migrations; Type: TABLE DATA; Schema: supabase_migrations; Owner: -
--

COPY supabase_migrations.schema_migrations (version, statements, name, created_by, idempotency_key, rollback) FROM stdin;
20260113221938	{"-- Tabela de Metas (Goals)\ncreate table public.goals (\n  id bigint generated by default as identity primary key,\n  user_id uuid references auth.users not null default auth.uid(),\n  title text not null,\n  description text,\n  deadline date,\n  is_completed boolean default false,\n  created_at timestamp with time zone default timezone('utc'::text, now()) not null\n);\n\n-- Tabela de Afazeres (Todos)\ncreate table public.todos (\n  id bigint generated by default as identity primary key,\n  user_id uuid references auth.users not null default auth.uid(),\n  title text not null,\n  is_completed boolean default false,\n  goal_id bigint references public.goals(id) on delete set null, -- Pode estar atrelado a uma meta ou não\n  created_at timestamp with time zone default timezone('utc'::text, now()) not null\n);\n\n-- Tabela de Eventos (Events)\ncreate table public.events (\n  id bigint generated by default as identity primary key,\n  user_id uuid references auth.users not null default auth.uid(),\n  title text not null,\n  description text,\n  start_date timestamp with time zone not null,\n  end_date timestamp with time zone,\n  created_at timestamp with time zone default timezone('utc'::text, now()) not null\n);\n\n-- Habilitar RLS (Row Level Security) para segurança\nalter table public.goals enable row level security;\nalter table public.todos enable row level security;\nalter table public.events enable row level security;\n\n-- Políticas de Segurança (Cada usuário só vê e edita seus próprios dados)\n\n-- GOALS\ncreate policy \\"Users can view their own goals\\" on public.goals\n  for select using (auth.uid() = user_id);\n\ncreate policy \\"Users can insert their own goals\\" on public.goals\n  for insert with check (auth.uid() = user_id);\n\ncreate policy \\"Users can update their own goals\\" on public.goals\n  for update using (auth.uid() = user_id);\n\ncreate policy \\"Users can delete their own goals\\" on public.goals\n  for delete using (auth.uid() = user_id);\n\n-- TODOS\ncreate policy \\"Users can view their own todos\\" on public.todos\n  for select using (auth.uid() = user_id);\n\ncreate policy \\"Users can insert their own todos\\" on public.todos\n  for insert with check (auth.uid() = user_id);\n\ncreate policy \\"Users can update their own todos\\" on public.todos\n  for update using (auth.uid() = user_id);\n\ncreate policy \\"Users can delete their own todos\\" on public.todos\n  for delete using (auth.uid() = user_id);\n\n-- EVENTS\ncreate policy \\"Users can view their own events\\" on public.events\n  for select using (auth.uid() = user_id);\n\ncreate policy \\"Users can insert their own events\\" on public.events\n  for insert with check (auth.uid() = user_id);\n\ncreate policy \\"Users can update their own events\\" on public.events\n  for update using (auth.uid() = user_id);\n\ncreate policy \\"Users can delete their own events\\" on public.events\n  for delete using (auth.uid() = user_id);"}	initial_schema	contato.timc@gmail.com	\N	\N
20260204212110	{"create table public.finance_transactions (\n  id bigint generated by default as identity primary key,\n  user_id uuid references auth.users not null default auth.uid(),\n  title text not null,\n  amount numeric(10, 2) not null,\n  transaction_date date not null,\n  type text not null check (type in ('payable', 'receivable')),\n  status text not null default 'pending' check (status in ('pending', 'paid', 'overdue')),\n  created_at timestamp with time zone default timezone('utc'::text, now()) not null\n);\n\nalter table public.finance_transactions enable row level security;\n\ncreate policy \\"Users can view their own transactions\\" on public.finance_transactions\n  for select using (auth.uid() = user_id);\n\ncreate policy \\"Users can insert their own transactions\\" on public.finance_transactions\n  for insert with check (auth.uid() = user_id);\n\ncreate policy \\"Users can update their own transactions\\" on public.finance_transactions\n  for update using (auth.uid() = user_id);\n\ncreate policy \\"Users can delete their own transactions\\" on public.finance_transactions\n  for delete using (auth.uid() = user_id);"}	20240204120000_create_finance_transactions	contato.timc@gmail.com	\N	\N
20260211185242	{"ALTER TABLE view_groups \nADD COLUMN IF NOT EXISTS recurrence_type text DEFAULT 'daily' CHECK (recurrence_type IN ('daily', 'weekly', 'monthly')),\nADD COLUMN IF NOT EXISTS recurrence_days jsonb DEFAULT NULL;"}	add_recurrence_to_view_groups	contato.timc@gmail.com	\N	\N
20260211190610	{"ALTER TABLE view_groups \nADD COLUMN IF NOT EXISTS schedules jsonb DEFAULT NULL;"}	add_schedules_to_view_groups	contato.timc@gmail.com	\N	\N
\.


--
-- Data for Name: secrets; Type: TABLE DATA; Schema: vault; Owner: -
--

COPY vault.secrets (id, name, description, secret, key_id, nonce, created_at, updated_at) FROM stdin;
\.


--
-- Name: refresh_tokens_id_seq; Type: SEQUENCE SET; Schema: auth; Owner: -
--

SELECT pg_catalog.setval('auth.refresh_tokens_id_seq', 1632, true);


--
-- Name: events_id_seq; Type: SEQUENCE SET; Schema: public; Owner: -
--

SELECT pg_catalog.setval('public.events_id_seq', 1, false);


--
-- Name: finance_transactions_id_seq; Type: SEQUENCE SET; Schema: public; Owner: -
--

SELECT pg_catalog.setval('public.finance_transactions_id_seq', 5, true);


--
-- Name: goals_id_seq; Type: SEQUENCE SET; Schema: public; Owner: -
--

SELECT pg_catalog.setval('public.goals_id_seq', 1, false);


--
-- Name: project_invites_id_seq; Type: SEQUENCE SET; Schema: public; Owner: -
--

SELECT pg_catalog.setval('public.project_invites_id_seq', 64, true);


--
-- Name: project_members_id_seq; Type: SEQUENCE SET; Schema: public; Owner: -
--

SELECT pg_catalog.setval('public.project_members_id_seq', 79, true);


--
-- Name: project_sections_id_seq; Type: SEQUENCE SET; Schema: public; Owner: -
--

SELECT pg_catalog.setval('public.project_sections_id_seq', 12, true);


--
-- Name: project_tasks_id_seq; Type: SEQUENCE SET; Schema: public; Owner: -
--

SELECT pg_catalog.setval('public.project_tasks_id_seq', 503, true);


--
-- Name: projects_id_seq; Type: SEQUENCE SET; Schema: public; Owner: -
--

SELECT pg_catalog.setval('public.projects_id_seq', 79, true);


--
-- Name: sections_id_seq; Type: SEQUENCE SET; Schema: public; Owner: -
--

SELECT pg_catalog.setval('public.sections_id_seq', 28, true);


--
-- Name: task_view_groups_id_seq; Type: SEQUENCE SET; Schema: public; Owner: -
--

SELECT pg_catalog.setval('public.task_view_groups_id_seq', 116, true);


--
-- Name: todo_groups_id_seq; Type: SEQUENCE SET; Schema: public; Owner: -
--

SELECT pg_catalog.setval('public.todo_groups_id_seq', 85, true);


--
-- Name: todos_id_seq; Type: SEQUENCE SET; Schema: public; Owner: -
--

SELECT pg_catalog.setval('public.todos_id_seq', 356, true);


--
-- Name: view_groups_id_seq; Type: SEQUENCE SET; Schema: public; Owner: -
--

SELECT pg_catalog.setval('public.view_groups_id_seq', 157, true);


--
-- Name: subscription_id_seq; Type: SEQUENCE SET; Schema: realtime; Owner: -
--

SELECT pg_catalog.setval('realtime.subscription_id_seq', 1269, true);


--
-- PostgreSQL database dump complete
--

\unrestrict UsCTLakIQmk1vVA7kwTBLPbkOUsYbIx8JR8hj58qMxtS1Okqpzhtbs4S6g8IxAI

